DROP TABLE IF EXISTS EMPLOYEE_PROJECT_TASK;
DROP TABLE IF EXISTS PROJECT_TASK;
DROP TABLE IF EXISTS EMPLOYEE_TIMECARD;
DROP TABLE IF EXISTS EMPLOYEE_ROLE;
DROP TABLE IF EXISTS COUNTRY_POLICY; 
DROP TABLE IF EXISTS CONTRACT_COUNTRY;
DROP TABLE IF EXISTS BILLING_CONTRACT;
DROP TABLE IF EXISTS BILLING_INVOICE;
DROP TABLE IF EXISTS CLIENT_INVOICE; 
DROP TABLE IF EXISTS ADDRESS_CITY; 
DROP TABLE IF EXISTS CITY_REGION;
DROP TABLE IF EXISTS PHONE_METRICS;
DROP TABLE IF EXISTS EMAIL_METRICS;

DROP TABLE IF EXISTS TIMECARD;
DROP TABLE IF EXISTS CLIENT_CONTRACT;
DROP TABLE IF EXISTS PROJECT_CONTRACT;
DROP TABLE IF EXISTS COMPANY_LOCATION;
DROP TABLE IF EXISTS PERSON_EMAIL;
DROP TABLE IF EXISTS PERSON_PHONE;
DROP TABLE IF EXISTS PERSON_ADDRESS;
DROP TABLE IF EXISTS ADDRESS;
DROP TABLE IF EXISTS CITY;
DROP TABLE IF EXISTS CLIENT;
DROP TABLE IF EXISTS EMPLOYEE;
DROP TABLE IF EXISTS REGION;
DROP TABLE IF EXISTS COMPANY;
DROP TABLE IF EXISTS INVOICE;
DROP TABLE IF EXISTS EMAIL;
DROP TABLE IF EXISTS PHONE;
DROP TABLE IF EXISTS CONTRACT;
DROP TABLE IF EXISTS PROJECT;
DROP TABLE IF EXISTS REGION_TYPE;
DROP TABLE IF EXISTS COUNTRY;
DROP TABLE IF EXISTS PERSON;
DROP TABLE IF EXISTS ROLE;
DROP TABLE IF EXISTS DEPARTMENT;
DROP TABLE IF EXISTS POLICY; 
DROP TABLE IF EXISTS BILLING; 

-- Core Tables
CREATE TABLE DEPARTMENT (
    department_id INT PRIMARY KEY NOT NULL, 
    department_name VARCHAR(255)
);

CREATE TABLE ROLE (
    role_id INT PRIMARY KEY NOT NULL,
    role_name VARCHAR(255)
);

CREATE TABLE PERSON (
    person_id INT PRIMARY KEY NOT NULL,
    first_name VARCHAR(255),
    last_name VARCHAR(255), 
    date_of_birth DATE
);

CREATE TABLE COUNTRY (
    country_id INT PRIMARY KEY NOT NULL,
    country_name VARCHAR(255) 
);

CREATE TABLE REGION_TYPE (
    region_type_id INT PRIMARY KEY NOT NULL,
    region_type VARCHAR(255) 
);

CREATE TABLE PROJECT (
    project_id INT PRIMARY KEY NOT NULL, 
    project_name VARCHAR(255) 
);

CREATE TABLE CONTRACT (
    contract_id INT PRIMARY KEY NOT NULL, 
    contract_max_hours INT,
    billing_rate DECIMAL(10, 2)
);

CREATE TABLE PHONE (
    phone_id INT PRIMARY KEY NOT NULL,
    phone_number VARCHAR(255),
    phone_type VARCHAR(255) 
);

CREATE TABLE EMAIL (
    email_id INT PRIMARY KEY NOT NULL,
    email VARCHAR(255),
    email_type VARCHAR(255)
);

CREATE TABLE INVOICE (
    invoice_id INT PRIMARY KEY NOT NULL,
    invoice_date DATE,
    invoice_status VARCHAR(255)
);

CREATE TABLE COMPANY (
    company_id INT PRIMARY KEY NOT NULL, 
    company_name VARCHAR(255),
    company_type VARCHAR(255) 
);

CREATE TABLE POLICY (
    policy_id INT PRIMARY KEY NOT NULL,
    policy_type VARCHAR(255)
);

CREATE TABLE BILLING (
    billing_id INT PRIMARY KEY NOT NULL,
    billed_hours INT,
    bill_rate DECIMAL(10, 2),
    billed_total DECIMAL(10, 2)
);

-- Start Tables with Foreign Keys
CREATE TABLE REGION (
    region_id INT PRIMARY KEY NOT NULL, 
    region_type_id INT, 
    region_name VARCHAR(255),

    FOREIGN KEY (region_type_id) REFERENCES REGION_TYPE(region_type_id)
);

CREATE TABLE EMPLOYEE (
    employee_id INT PRIMARY KEY NOT NULL,
    department_id INT,
    person_id INT, 
    hire_date DATE,

    FOREIGN KEY (department_id) REFERENCES DEPARTMENT(department_id),
    FOREIGN KEY (person_id) REFERENCES PERSON(person_id)
);

CREATE TABLE CLIENT (
    client_id INT PRIMARY KEY NOT NULL, 
    person_id INT,
    company_id INT, 

    FOREIGN KEY (person_id) REFERENCES PERSON(person_id),
    FOREIGN KEY (company_id) REFERENCES COMPANY(company_id) 
);

CREATE TABLE TIMECARD (
    timecard_id INT PRIMARY KEY NOT NULL, 
    project_id INT,
    country_id INT,
    hours_worked INT,

    FOREIGN KEY (project_id) REFERENCES PROJECT(project_id),
    FOREIGN KEY (country_id) REFERENCES COUNTRY(country_id) 
);

CREATE TABLE CITY (
    city_id INT PRIMARY KEY NOT NULL,
    city_name VARCHAR(255)
);

CREATE TABLE ADDRESS (
    address_id INT PRIMARY KEY NOT NULL,
    street_address VARCHAR(255),
    postal_code VARCHAR(255)
);

-- Line Item / Bridge Tables
CREATE TABLE ADDRESS_CITY (
    address_id INT,
    city_id INT,

    PRIMARY KEY (address_id, city_id),
    FOREIGN KEY (address_id) REFERENCES ADDRESS(address_id),
    FOREIGN KEY (city_id) REFERENCES CITY(city_id) 
);

CREATE TABLE CITY_REGION (
    city_id INT,
    region_id INT,

    PRIMARY KEY (city_id, region_id),
    FOREIGN KEY (city_id) REFERENCES CITY(city_id),
    FOREIGN KEY (region_id) REFERENCES REGION(region_id) 
);

CREATE TABLE BILLING_CONTRACT (
    billing_id INT,
    contract_id INT, 

    PRIMARY KEY (billing_id, contract_id),
    FOREIGN KEY (billing_id) REFERENCES BILLING(billing_id),
    FOREIGN KEY (contract_id) REFERENCES CONTRACT(contract_id) 
);

CREATE TABLE BILLING_INVOICE (
    billing_id INT,
    invoice_id INT, 

    PRIMARY KEY (billing_id, invoice_id),
    FOREIGN KEY (billing_id) REFERENCES BILLING(billing_id),
    FOREIGN KEY (invoice_id) REFERENCES INVOICE(invoice_id) 
);

CREATE TABLE CLIENT_INVOICE (
    client_id INT,
    invoice_id INT, 

    PRIMARY KEY (client_id, invoice_id),
    FOREIGN KEY (client_id) REFERENCES CLIENT(client_id),
    FOREIGN KEY (invoice_id) REFERENCES INVOICE(invoice_id) 
);

CREATE TABLE COUNTRY_POLICY (
    country_id INT,
    policy_id INT,
    max_weekly_hours INT, 

    PRIMARY KEY (country_id, policy_id),
    FOREIGN KEY (country_id) REFERENCES COUNTRY(country_id),
    FOREIGN KEY (policy_id) REFERENCES POLICY(policy_id)
);

CREATE TABLE CONTRACT_COUNTRY(
    contract_id INT,
    country_id INT,

    PRIMARY KEY (contract_id, country_id),
    FOREIGN KEY (contract_id) REFERENCES CONTRACT(contract_id),
    FOREIGN KEY (country_id) REFERENCES COUNTRY(country_id) 
);

CREATE TABLE EMPLOYEE_ROLE (
    employee_id INT,
    role_id INT,
    assigned_date DATE, 
    end_date DATE, 

    PRIMARY KEY (employee_id, role_id),
    FOREIGN KEY (employee_id) REFERENCES EMPLOYEE(employee_id),
    FOREIGN KEY (role_id) REFERENCES ROLE(role_id) 
);

CREATE TABLE EMPLOYEE_TIMECARD (
    employee_id INT,
    timecard_id INT,
    timecard_date DATE, 
    approval_status VARCHAR(255),

    PRIMARY KEY(employee_id, timecard_id),
    FOREIGN KEY (employee_id) REFERENCES EMPLOYEE(employee_id),
    FOREIGN KEY (timecard_id) REFERENCES TIMECARD(timecard_id) 
);

CREATE TABLE PERSON_ADDRESS (
    person_id INT, 
    address_id INT,
    address_type VARCHAR(255),

    PRIMARY KEY (person_id),
    FOREIGN KEY (person_id) REFERENCES PERSON(person_id),
    FOREIGN KEY (address_id) REFERENCES ADDRESS(address_id)
);

CREATE TABLE PERSON_PHONE (
    person_id INT, 
    phone_id INT,
    phone_type VARCHAR(255),
    is_primary VARCHAR(255),

    PRIMARY KEY (person_id, phone_id),
    FOREIGN KEY (person_id) REFERENCES PERSON(person_id),
    FOREIGN KEY (phone_id) REFERENCES PHONE(phone_id) 
);

CREATE TABLE PERSON_EMAIL (
    person_id INT,
    email_id INT,
    email_type VARCHAR(255),
    is_primary VARCHAR(255),

    PRIMARY KEY (person_id, email_id),
    FOREIGN KEY (person_id) REFERENCES PERSON(person_id),
    FOREIGN KEY (email_id) REFERENCES EMAIL(email_id) 
);

CREATE TABLE PROJECT_TASK (
    task_id INT PRIMARY KEY NOT NULL, 
    project_id INT,
    task_description VARCHAR(255),

    FOREIGN KEY (project_id) REFERENCES PROJECT(project_id) 
);

CREATE TABLE EMPLOYEE_PROJECT_TASK (
    employee_id INT,
    task_id INT,
    task_start_date DATE, 
    task_end_date DATE, 

    PRIMARY KEY (employee_id, task_id),
    FOREIGN KEY (employee_id) REFERENCES EMPLOYEE(employee_id),
    FOREIGN KEY (task_id) REFERENCES PROJECT_TASK(task_id) 
);

CREATE TABLE COMPANY_LOCATION (
    company_id INT,
    address_id INT, 
    location_name VARCHAR(255),

    PRIMARY KEY (company_id, address_id),
    FOREIGN KEY (company_id) REFERENCES COMPANY(company_id), 
    FOREIGN KEY (address_id) REFERENCES ADDRESS(address_id)
);

CREATE TABLE CLIENT_CONTRACT (
    client_id INT, 
    contract_id INT,
    contract_type VARCHAR(255),

    PRIMARY KEY (client_id, contract_id),
    FOREIGN KEY (client_id) REFERENCES CLIENT(client_id),
    FOREIGN KEY (contract_id) REFERENCES CONTRACT(contract_id) 
);

CREATE TABLE PROJECT_CONTRACT (
    project_id INT, 
    contract_id INT, 
    start_date DATE, 
    end_date DATE,

    PRIMARY KEY (project_id, contract_id),
    FOREIGN KEY (project_id) REFERENCES PROJECT(project_id),
    FOREIGN KEY (contract_id) REFERENCES CONTRACT(contract_id)
);

DROP TABLE IF EXISTS `PHONE_METRICS`;

CREATE TABLE `PHONE_METRICS` (
  `phone_metrics_id` INT NOT NULL AUTO_INCREMENT,
  `phone_id` INT,
  `length_of_call`FLOAT,
  `customer_satisfaction` INT,
  PRIMARY KEY (`phone_metrics_id`),
  KEY `idx_phone_metrics_phone` (`phone_id`),
  CONSTRAINT `fk_phone_metrics_phone`
    FOREIGN KEY (`phone_id`)
    REFERENCES `PHONE` (`phone_id`));

CREATE TABLE `EMAIL_METRICS` (
  `email_metrics_id` INT NOT NULL AUTO_INCREMENT,
  `email_id` INT,
  `length_of_correspondence` INT,
  `customer_satisfaction` INT,
  
  PRIMARY KEY (`email_metrics_id`),
  KEY `idx_email_metrics_email` (`email_id`),
  CONSTRAINT `fk_email_metrics_email`
    FOREIGN KEY (`email_id`)
    REFERENCES `EMAIL` (`email_id`)
);

INSERT INTO DEPARTMENT (department_id, department_name) VALUES
(1, 'Human Resources'),
(2, 'Finance'),
(3, 'Engineering'),
(4, 'Sales'),
(5, 'Marketing'),
(6, 'IT'),
(7, 'Legal'),
(8, 'Food Service'),
(9, 'Quality Assurance'),
(10, 'Software Development');

INSERT INTO ROLE (role_id, role_name) VALUES
(1, 'Intern'),
(2, 'Associate'),
(3, 'Team Lead'),
(4, 'Manager'),
(5, 'Supervisor'),
(6, 'Director'),
(7, 'Executive');

INSERT INTO PERSON (person_id, first_name, last_name, date_of_birth) VALUES
(1, 'Lauren', 'Rogers', '1971-09-01'),
(2, 'Regina', 'Williams', '1980-04-01'),
(3, 'Victoria', 'Gallagher', '1966-06-21'),
(4, 'Kyle', 'Moore', '1981-11-08'),
(5, 'Stephen', 'Alvarado', '1981-10-31'),
(6, 'Debbie', 'Ellis', '1974-05-15'),
(7, 'Mark', 'Barr', '1981-07-13'),
(8, 'John', 'Medina', '1996-11-06'),
(9, 'Adam', 'Johnson', '1964-06-22'),
(10, 'Tammy', 'Wagner', '1983-12-11'),
(11, 'Angela', 'Mcclain', '2000-07-19'),
(12, 'Jessica', 'Williams', '1989-09-21'),
(13, 'Robert', 'Cooper', '1986-11-08'),
(14, 'Sara', 'Robertson', '1995-04-02'),
(15, 'Theodore', 'Smith', '1995-10-30'),
(16, 'Debra', 'Stokes', '1999-04-18'),
(17, 'Jamie', 'Smith', '1964-07-24'),
(18, 'Donna', 'Wells', '1972-08-21'),
(19, 'Rachel', 'Allen', '1964-01-03'),
(20, 'Evelyn', 'Martinez', '1969-04-01'),
(21, 'Ronald', 'Jones', '2002-10-11'),
(22, 'Lori', 'Jones', '1965-11-24'),
(23, 'Amy', 'Butler', '1981-10-13'),
(24, 'Dakota', 'Carter', '1974-05-09'),
(25, 'Crystal', 'Stone', '1997-10-22'),
(26, 'David', 'Reynolds', '1982-10-16'),
(27, 'Sharon', 'Decker', '1995-08-10'),
(28, 'Dawn', 'Daniels', '1976-01-11'),
(29, 'Elizabeth', 'Alvarado', '1965-03-11'),
(30, 'Linda', 'Moreno', '1982-04-08'),
(31, 'Alicia', 'Benson', '1987-04-12'),
(32, 'Travis', 'Mayer', '1974-05-21'),
(33, 'Mindy', 'Barrera', '1970-05-18'),
(34, 'Renee', 'Phillips', '1981-07-27'),
(35, 'Kyle', 'Kim', '1984-06-22'),
(36, 'Tara', 'Wilkinson', '1976-06-27'),
(37, 'John', 'Chapman', '1977-09-24'),
(38, 'Robin', 'Hogan', '1988-07-03'),
(39, 'Robert', 'Morrison', '1970-10-04'),
(40, 'Paula', 'Jenkins', '2004-02-01'),
(41, 'Wesley', 'Thompson', '1986-01-30'),
(42, 'Deanna', 'Holder', '1969-11-17'),
(43, 'Jill', 'Larson', '1966-09-08'),
(44, 'Tasha', 'Ramirez', '1973-09-28'),
(45, 'Paul', 'Harvey', '1981-12-31'),
(46, 'Kevin', 'Fernandez', '1998-12-31'),
(47, 'Justin', 'Johnson', '1989-10-09'),
(48, 'Tyler', 'Carter', '1962-03-18'),
(49, 'Ashley', 'Dunn', '1992-11-18'),
(50, 'Savannah', 'Spencer', '1973-04-08'),
(51, 'Charles', 'Garrison', '1983-02-14'),
(52, 'Amy', 'Benson', '1999-07-30'),
(53, 'Lauren', 'Rodriguez', '1980-04-23'),
(54, 'Michelle', 'Lopez', '1988-12-06'),
(55, 'Benjamin', 'Neal', '1963-11-12'),
(56, 'Francis', 'Scott', '1971-06-01'),
(57, 'Tiffany', 'Avery', '1964-09-30'),
(58, 'Matthew', 'Harrison', '1960-01-06'),
(59, 'Brandon', 'Gomez', '1992-02-08'),
(60, 'Christopher', 'Phillips', '1983-09-26'),
(61, 'Rebecca', 'Bean', '1976-08-22'),
(62, 'Tammie', 'Bradshaw', '2005-01-30'),
(63, 'Steven', 'Roberson', '1959-08-02'),
(64, 'John', 'Chen', '1996-02-13'),
(65, 'Alex', 'Bradford', '1971-04-13'),
(66, 'Judy', 'Hansen', '1986-07-21'),
(67, 'Lisa', 'Tanner', '1997-12-30'),
(68, 'Jacob', 'Knight', '1959-10-27'),
(69, 'Jessica', 'Mcgrath', '1995-04-29'),
(70, 'Luke', 'Bryan', '1973-07-18'),
(71, 'Gary', 'Harrison', '1994-07-21'),
(72, 'Jerry', 'Stephens', '1982-08-31'),
(73, 'Robin', 'Rogers', '1994-10-28'),
(74, 'Rachel', 'Mcknight', '1987-02-10'),
(75, 'Austin', 'Howard', '2004-12-20'),
(76, 'Daniel', 'Rodriguez', '2005-07-28'),
(77, 'Stacey', 'Turner', '1979-01-16'),
(78, 'William', 'Mcgee', '1994-07-10'),
(79, 'April', 'Howell', '1962-09-17'),
(80, 'Sabrina', 'Welch', '1974-10-26'),
(81, 'David', 'Wilkinson', '1972-08-11'),
(82, 'Bruce', 'Simpson', '1978-12-20'),
(83, 'Joseph', 'Reyes', '1960-04-30'),
(84, 'Heather', 'Hudson', '1998-09-15'),
(85, 'Mark', 'Cortez', '1999-02-10'),
(86, 'Jason', 'Salazar', '1959-12-10'),
(87, 'Summer', 'Carroll', '2000-06-30'),
(88, 'John', 'Collier', '1992-04-12'),
(89, 'Donald', 'Bowers', '1962-05-16'),
(90, 'Kimberly', 'Evans', '1999-04-28'),
(91, 'Jason', 'Ballard', '1993-04-23'),
(92, 'James', 'Garcia', '1978-02-16'),
(93, 'Lynn', 'Johnson', '1992-07-25'),
(94, 'Scott', 'Bush', '1966-04-21'),
(95, 'Robert', 'Williams', '1970-03-02'),
(96, 'Christopher', 'Gibson', '1997-06-03'),
(97, 'Deborah', 'Costa', '1987-04-17'),
(98, 'Vanessa', 'Ruiz', '2003-02-06'),
(99, 'Dennis', 'Smith', '1971-05-11'),
(100, 'Jamie', 'Stanley', '2002-04-02'),
(101, 'Kathleen', 'Stevenson', '1993-07-17'),
(102, 'Elizabeth', 'Stokes', '2004-05-30'),
(103, 'Timothy', 'Cole', '1988-10-12'),
(104, 'Michael', 'Saunders', '1979-02-19'),
(105, 'Brittany', 'Smith', '1972-09-13'),
(106, 'Gail', 'Valencia', '1960-08-25'),
(107, 'Frank', 'Peterson', '1976-09-25'),
(108, 'Emily', 'Gonzalez', '1966-03-05'),
(109, 'Robert', 'Kerr', '1992-12-28'),
(110, 'Kent', 'Archer', '1959-07-30'),
(111, 'Alicia', 'Moore', '2004-04-02'),
(112, 'Carrie', 'Wright', '1975-06-23'),
(113, 'Shannon', 'Henry', '1991-02-17'),
(114, 'Sheila', 'Maldonado', '1982-01-24'),
(115, 'Teresa', 'Briggs', '1963-04-26'),
(116, 'Sara', 'Adams', '1977-12-12'),
(117, 'Jesus', 'Gould', '1990-03-21'),
(118, 'Luke', 'Anderson', '1999-03-24'),
(119, 'Kathleen', 'Skinner', '2006-01-18'),
(120, 'Sarah', 'Hansen', '1994-12-04'),
(121, 'Kevin', 'Roman', '1974-03-21'),
(122, 'Amanda', 'Nguyen', '1988-01-06'),
(123, 'Anthony', 'Wilson', '1995-12-14'),
(124, 'Tina', 'Perez', '2005-12-29'),
(125, 'Rebecca', 'Thornton', '1968-03-15'),
(126, 'Michelle', 'Knight', '2003-08-03'),
(127, 'John', 'Rodriguez', '1981-07-17'),
(128, 'Terri', 'Johnson', '1987-12-09'),
(129, 'Kendra', 'Parsons', '1991-02-18'),
(130, 'Jennifer', 'Russell', '1998-05-21'),
(131, 'Michael', 'Acosta', '1961-06-22'),
(132, 'Alexander', 'George', '1988-09-29'),
(133, 'Amy', 'Mcbride', '2006-08-28'),
(134, 'David', 'Young', '1964-02-25'),
(135, 'Kristina', 'Mcconnell', '1979-03-12'),
(136, 'Tim', 'Carlson', '2002-09-12'),
(137, 'Elizabeth', 'Zamora', '1994-06-22'),
(138, 'Jonathan', 'Cohen', '2004-10-15'),
(139, 'Melissa', 'Davis', '1976-09-26'),
(140, 'Matthew', 'Reeves', '1981-09-18'),
(141, 'Stephanie', 'Cole', '1970-02-04'),
(142, 'Terri', 'Perkins', '1971-07-31'),
(143, 'Tyler', 'Taylor', '1971-03-21'),
(144, 'Hector', 'Mcdonald', '1995-08-16'),
(145, 'Cathy', 'Rodriguez', '1982-04-25'),
(146, 'Jessica', 'Mason', '1980-12-15'),
(147, 'Douglas', 'Guerrero', '1993-06-06'),
(148, 'Megan', 'Smith', '1974-12-18'),
(149, 'Sue', 'Robinson', '1976-11-07'),
(150, 'Charles', 'Gonzales', '1960-04-26'),
(151, 'Stephanie', 'Stevens', '2002-09-06'),
(152, 'Michael', 'Elliott', '1979-02-20'),
(153, 'Courtney', 'Duran', '1981-05-29'),
(154, 'Tiffany', 'Bell', '1974-11-21'),
(155, 'Lisa', 'Cook', '1974-05-07'),
(156, 'Brian', 'Roberts', '1991-05-09'),
(157, 'Natalie', 'Fernandez', '1978-02-01'),
(158, 'Gregory', 'Morse', '1969-04-19'),
(159, 'Jeffrey', 'Wilson', '1980-10-11'),
(160, 'Micheal', 'Matthews', '1960-11-12'),
(161, 'Melissa', 'Stone', '1999-07-24'),
(162, 'Karen', 'Hamilton', '1982-10-28'),
(163, 'Amy', 'Horton', '1981-01-02'),
(164, 'Courtney', 'Perez', '2005-02-12'),
(165, 'Brian', 'Spencer', '1966-06-04'),
(166, 'Leonard', 'Campos', '1986-04-06'),
(167, 'Martin', 'Stevenson', '1980-07-09'),
(168, 'Alicia', 'Kim', '1966-03-02'),
(169, 'Deborah', 'Lawson', '1981-04-13'),
(170, 'Sydney', 'Chavez', '1985-07-27'),
(171, 'Andrea', 'Daniels', '2007-02-05'),
(172, 'Patricia', 'Stewart', '1980-01-06'),
(173, 'Lucas', 'Castillo', '1974-01-18'),
(174, 'Kelly', 'Carlson', '1977-12-18'),
(175, 'Gary', 'Moyer', '1976-08-11'),
(176, 'Christine', 'Crane', '1963-10-29'),
(177, 'David', 'Johnson', '1978-12-16'),
(178, 'Wayne', 'Rhodes', '1977-08-31'),
(179, 'Carrie', 'Freeman', '1995-12-16'),
(180, 'Leslie', 'Beck', '1978-07-20'),
(181, 'Nancy', 'Gilbert', '1968-04-06'),
(182, 'Nicole', 'Wilkerson', '1960-05-06'),
(183, 'Danielle', 'Hayes', '1967-11-26'),
(184, 'Allison', 'Smith', '2003-12-30'),
(185, 'Lance', 'Quinn', '2002-04-26'),
(186, 'Dana', 'Berry', '2002-03-15'),
(187, 'Lindsey', 'Williams', '1979-03-21'),
(188, 'Joyce', 'Simon', '2006-07-31'),
(189, 'Lindsay', 'Carter', '1961-08-13'),
(190, 'Kimberly', 'Lawson', '1972-11-02'),
(191, 'John', 'Newton', '1989-04-23'),
(192, 'Lindsay', 'Craig', '1959-06-23'),
(193, 'David', 'Lopez', '1968-09-11'),
(194, 'Ryan', 'Gray', '1990-02-25'),
(195, 'Kenneth', 'Reed', '1973-03-24'),
(196, 'Frank', 'Rogers', '1985-03-21'),
(197, 'Todd', 'Warren', '1997-11-17'),
(198, 'Jennifer', 'Taylor', '1976-09-08'),
(199, 'Nancy', 'Woods', '1995-01-21'),
(200, 'Curtis', 'Sanchez', '1972-01-30'),
(201, 'Joseph', 'Gray', '2003-03-14'),
(202, 'Jennifer', 'Kramer', '1966-06-21'),
(203, 'Kristina', 'Williams', '2000-03-05'),
(204, 'Lori', 'Mitchell', '1967-05-19'),
(205, 'Brian', 'Griffith', '1985-10-09'),
(206, 'Brian', 'Maddox', '1992-02-15'),
(207, 'James', 'Jackson', '1976-05-12'),
(208, 'Christopher', 'Wong', '1989-09-17'),
(209, 'Kelly', 'Williams', '1967-08-08'),
(210, 'Heather', 'Bowen', '2000-04-08'),
(211, 'Jonathan', 'Parsons', '1998-08-29'),
(212, 'Gary', 'Flynn', '1972-06-27'),
(213, 'Sabrina', 'Le', '1993-04-25'),
(214, 'Paul', 'Glover', '1967-10-18'),
(215, 'Vernon', 'Graham', '1989-10-08'),
(216, 'James', 'Brown', '1964-03-14'),
(217, 'Brandi', 'Lopez', '1992-12-24'),
(218, 'Nicholas', 'Mendez', '1997-07-28'),
(219, 'Nicole', 'Mason', '1998-07-14'),
(220, 'Patricia', 'Williams', '1981-11-08'),
(221, 'Joseph', 'Bender', '1987-09-08'),
(222, 'Christopher', 'Long', '1975-07-02'),
(223, 'Nicole', 'Pacheco', '2007-03-12'),
(224, 'Christopher', 'Lowe', '1997-10-13'),
(225, 'Jennifer', 'Ortega', '1998-02-17'),
(226, 'Erica', 'Coleman', '1999-03-11'),
(227, 'Rebecca', 'Moore', '2006-02-25'),
(228, 'Robert', 'Morse', '1990-07-13'),
(229, 'Jesse', 'Espinoza', '1972-07-04'),
(230, 'Andrew', 'Brown', '1975-10-25'),
(231, 'Nicholas', 'Ford', '1971-08-22'),
(232, 'Julie', 'Wilson', '1971-01-02'),
(233, 'Patrick', 'Bell', '2002-04-05'),
(234, 'Carlos', 'Long', '1995-09-01'),
(235, 'Elizabeth', 'Kennedy', '1992-07-16'),
(236, 'Carl', 'Clarke', '1990-01-08'),
(237, 'Raven', 'Ellis', '1995-07-22'),
(238, 'Ronald', 'Thomas', '1960-02-14'),
(239, 'Jennifer', 'Atkinson', '1985-02-03'),
(240, 'Zachary', 'Mason', '1995-06-08'),
(241, 'Michael', 'Peterson', '1997-10-08'),
(242, 'Chelsea', 'Sanders', '1979-03-28'),
(243, 'Mark', 'Flores', '1969-12-09'),
(244, 'Janice', 'West', '2000-05-15'),
(245, 'Nathan', 'Haney', '1994-04-16'),
(246, 'Kayla', 'Wilkins', '1987-12-24'),
(247, 'Joe', 'Carpenter', '1988-12-21'),
(248, 'Carla', 'Villa', '1992-01-30'),
(249, 'Lori', 'Green', '1959-11-09'),
(250, 'Denise', 'Browning', '1994-04-06'),
(251, 'Sharon', 'Gonzalez', '1973-06-02'),
(252, 'Robert', 'Holt', '1999-08-16'),
(253, 'Patricia', 'Cox', '1992-02-29'),
(254, 'Diane', 'Thompson', '1982-06-22'),
(255, 'Tina', 'Hernandez', '1991-09-30'),
(256, 'Rodney', 'Rodriguez', '1987-03-20'),
(257, 'Brian', 'Hernandez', '1965-08-05'),
(258, 'Nathan', 'Lee', '1990-03-25'),
(259, 'Jonathan', 'Lynch', '1978-03-07'),
(260, 'Miranda', 'Ruiz', '1985-10-26'),
(261, 'Sharon', 'Lopez', '1970-02-01'),
(262, 'Melanie', 'Porter', '1965-01-26'),
(263, 'Terri', 'Daugherty', '1987-01-31'),
(264, 'Helen', 'Olsen', '1974-06-19'),
(265, 'Andrea', 'Walker', '1960-08-06'),
(266, 'Tammy', 'Garcia', '1990-08-10'),
(267, 'Erica', 'Scott', '1976-09-30'),
(268, 'Justin', 'Jennings', '1979-04-26'),
(269, 'Lindsey', 'Buchanan', '1971-09-26'),
(270, 'Christopher', 'Thompson', '1962-05-21'),
(271, 'Christina', 'Strickland', '1969-04-13'),
(272, 'Logan', 'Mathis', '1993-02-17'),
(273, 'Hunter', 'Griffith', '1998-07-30'),
(274, 'Natalie', 'Patel', '2002-06-07'),
(275, 'Laura', 'Neal', '1971-09-20'),
(276, 'Jasmine', 'Nelson', '1964-07-08'),
(277, 'Krystal', 'Rogers', '1978-06-03'),
(278, 'Melissa', 'Walker', '1987-11-11'),
(279, 'Tina', 'Stephens', '1981-02-04'),
(280, 'Brian', 'Frank', '2004-04-29'),
(281, 'Gregory', 'Liu', '2003-09-16'),
(282, 'Renee', 'Williams', '1972-07-26'),
(283, 'Anthony', 'Martinez', '1963-08-18'),
(284, 'Paige', 'Matthews', '2004-09-18'),
(285, 'Stephen', 'Russell', '1983-01-15'),
(286, 'Christopher', 'Little', '1961-12-13'),
(287, 'Calvin', 'Miller', '2002-11-15'),
(288, 'Tami', 'Choi', '2004-10-29'),
(289, 'George', 'Villegas', '1974-11-07'),
(290, 'Ricky', 'Wyatt', '1981-04-25'),
(291, 'Catherine', 'Benton', '1995-09-18'),
(292, 'Laurie', 'Frye', '1964-12-23'),
(293, 'Leah', 'Krause', '1988-06-12'),
(294, 'Steven', 'Mason', '2001-08-20'),
(295, 'Kyle', 'Brown', '1984-06-12'),
(296, 'Anthony', 'Hood', '1960-01-08'),
(297, 'Derrick', 'Diaz', '1994-01-05'),
(298, 'Charles', 'Cooper', '2005-06-01'),
(299, 'Michael', 'Hardy', '1997-05-19'),
(300, 'Kendra', 'Walls', '1991-06-21'),
(301, 'Jorge', 'Powell', '1998-08-28'),
(302, 'John', 'Klein', '1988-01-30'),
(303, 'Matthew', 'Le', '1998-01-16'),
(304, 'Joseph', 'Butler', '1962-01-23'),
(305, 'Jessica', 'French', '1976-02-18'),
(306, 'Spencer', 'Gonzalez', '1966-07-21'),
(307, 'Joshua', 'Moore', '1976-01-11'),
(308, 'Jason', 'Wagner', '1961-04-22'),
(309, 'Toni', 'Wright', '2006-04-21'),
(310, 'Anthony', 'Douglas', '1978-04-18'),
(311, 'Vanessa', 'Nelson', '1968-02-23'),
(312, 'Samantha', 'Smith', '1972-10-05'),
(313, 'Gabriel', 'Nielsen', '1996-07-30'),
(314, 'Jessica', 'Clay', '1973-11-05'),
(315, 'Shannon', 'Haynes', '1990-04-19'),
(316, 'Curtis', 'Walsh', '1976-11-19'),
(317, 'James', 'Vaughn', '1975-07-08'),
(318, 'Natalie', 'Hanson', '2004-09-05'),
(319, 'Colleen', 'Good', '1986-12-18'),
(320, 'Phillip', 'Allen', '1978-07-13'),
(321, 'Ashley', 'Whitney', '2007-03-14'),
(322, 'Willie', 'Ritter', '2005-01-16'),
(323, 'Rebecca', 'Jimenez', '1978-09-15'),
(324, 'Stephen', 'Skinner', '1977-11-27'),
(325, 'Misty', 'Wood', '1992-07-29'),
(326, 'Brian', 'Lawrence', '1967-02-05'),
(327, 'Christina', 'Daniel', '1986-01-11'),
(328, 'Chloe', 'Young', '2005-02-20'),
(329, 'Heather', 'Hinton', '1979-03-16'),
(330, 'Deanna', 'Hurst', '1986-03-25'),
(331, 'Glenn', 'Barnett', '1962-11-16'),
(332, 'Carlos', 'Bennett', '1976-05-22'),
(333, 'Wendy', 'Yu', '2000-04-20'),
(334, 'Michael', 'Roberts', '1986-03-31'),
(335, 'Sherri', 'Ross', '1989-10-28'),
(336, 'Rodney', 'Smith', '1985-02-24'),
(337, 'Deborah', 'Robinson', '1988-12-27'),
(338, 'Brenda', 'Morse', '1997-03-18'),
(339, 'Bryan', 'Combs', '1977-08-29'),
(340, 'Gregory', 'Pearson', '2003-08-10'),
(341, 'Antonio', 'Bruce', '1963-01-04'),
(342, 'Susan', 'Garza', '2003-06-11'),
(343, 'Samuel', 'Hood', '1980-11-18'),
(344, 'Michael', 'Baker', '1984-10-04'),
(345, 'Kevin', 'Brown', '1979-06-22'),
(346, 'Keith', 'Salas', '1991-05-04'),
(347, 'Bonnie', 'Knapp', '1997-09-13'),
(348, 'Kathryn', 'Flynn', '1987-12-03'),
(349, 'Vanessa', 'Vance', '1996-03-03'),
(350, 'Linda', 'Lin', '1979-07-27'),
(351, 'Tina', 'Scott', '1981-08-27'),
(352, 'Brittany', 'Ramsey', '1998-06-14'),
(353, 'Jody', 'Mejia', '1976-01-07'),
(354, 'Michelle', 'Scott', '1985-03-31'),
(355, 'Jamie', 'Rasmussen', '1959-09-10'),
(356, 'Darlene', 'Joseph', '1986-01-10'),
(357, 'Jason', 'Stout', '1965-05-01'),
(358, 'Christopher', 'Hanson', '1996-12-29'),
(359, 'James', 'Reeves', '1982-07-26'),
(360, 'John', 'Walters', '1973-01-16'),
(361, 'Paul', 'Moss', '1959-06-29'),
(362, 'Stephanie', 'Ruiz', '1973-09-24'),
(363, 'Rebecca', 'Alexander', '1998-10-04'),
(364, 'Lisa', 'Barnett', '2005-08-19'),
(365, 'Tanya', 'Gonzalez', '1994-07-04'),
(366, 'Michael', 'Mullins', '1995-03-31'),
(367, 'Toni', 'Morris', '2007-04-09'),
(368, 'David', 'Young', '2002-11-01'),
(369, 'Sherry', 'Wiggins', '1988-03-04'),
(370, 'Christopher', 'Brandt', '2002-12-26'),
(371, 'Elizabeth', 'Guerra', '1996-03-08'),
(372, 'Tara', 'Thompson', '1983-12-04'),
(373, 'Paula', 'Marshall', '1992-02-26'),
(374, 'Alyssa', 'Dawson', '1972-12-27'),
(375, 'Daniel', 'Walker', '1969-02-06'),
(376, 'Christina', 'Delgado', '1969-12-09'),
(377, 'Monica', 'Smith', '1990-03-11'),
(378, 'Brian', 'Peterson', '1984-09-07'),
(379, 'Kristen', 'Ferguson', '2001-02-14'),
(380, 'Sharon', 'Gutierrez', '1989-12-13'),
(381, 'Donald', 'Roberts', '1993-12-20'),
(382, 'Vincent', 'Thomas', '2001-10-25'),
(383, 'Jackie', 'Tran', '1991-03-21'),
(384, 'James', 'Andersen', '1961-07-16'),
(385, 'Juan', 'Trujillo', '1980-11-23'),
(386, 'Jonathan', 'Mckay', '1971-06-20'),
(387, 'Leon', 'Cohen', '1973-12-06'),
(388, 'Amber', 'Huffman', '1971-01-04'),
(389, 'Dawn', 'Henry', '1983-07-22'),
(390, 'Miguel', 'Patrick', '1987-04-10'),
(391, 'Vickie', 'Clarke', '1999-12-25'),
(392, 'Leonard', 'Clark', '1990-06-15'),
(393, 'Anthony', 'Turner', '1983-01-07'),
(394, 'James', 'Leonard', '1985-06-18'),
(395, 'Aaron', 'Kerr', '2003-08-29'),
(396, 'Robin', 'Santiago', '1965-01-18'),
(397, 'Robert', 'Osborne', '1991-09-07'),
(398, 'Jaclyn', 'Brown', '1995-08-23'),
(399, 'Kevin', 'Austin', '2005-08-05'),
(400, 'Kathleen', 'Hays', '2004-09-03'),
(401, 'Zachary', 'Rios', '2000-09-21'),
(402, 'Denise', 'Jimenez', '1991-11-08'),
(403, 'Barbara', 'Clark', '1971-11-27'),
(404, 'Bailey', 'Garrison', '1983-11-25'),
(405, 'Mark', 'Thomas', '1972-05-25'),
(406, 'Melissa', 'Wright', '1976-04-26'),
(407, 'Kenneth', 'Hill', '1964-10-05'),
(408, 'Kathleen', 'Davis', '1983-10-10'),
(409, 'Larry', 'Hall', '1988-09-17'),
(410, 'Beverly', 'Smith', '1990-09-05'),
(411, 'Linda', 'Flowers', '2007-03-20'),
(412, 'Christine', 'Taylor', '1966-11-24'),
(413, 'Michael', 'Mullen', '1996-02-20'),
(414, 'Wesley', 'Miller', '1999-01-02'),
(415, 'Brian', 'Thomas', '1988-04-10'),
(416, 'Keith', 'Spencer', '1991-06-03'),
(417, 'Christina', 'Ramirez', '1969-04-11'),
(418, 'Steven', 'Dyer', '1988-06-08'),
(419, 'Aaron', 'Bowman', '1996-01-17'),
(420, 'Michael', 'Anderson', '1990-10-11'),
(421, 'Crystal', 'Summers', '1960-12-02'),
(422, 'Christina', 'Mayer', '1970-04-29'),
(423, 'Jack', 'Lane', '1996-11-30'),
(424, 'Sarah', 'Adams', '1959-12-14'),
(425, 'Zachary', 'Johnson', '1986-01-30'),
(426, 'Brian', 'Bowen', '1989-04-14'),
(427, 'Nicole', 'Riddle', '1977-06-17'),
(428, 'Bryan', 'Rivera', '1969-08-17'),
(429, 'Sarah', 'Hull', '1995-10-21'),
(430, 'Nancy', 'Bishop', '2005-12-17'),
(431, 'Matthew', 'Sellers', '1994-08-05'),
(432, 'Angela', 'Jones', '1965-11-06'),
(433, 'Latoya', 'Wood', '2002-01-05'),
(434, 'Jay', 'Weiss', '2006-06-30'),
(435, 'Michael', 'Morgan', '1983-06-07'),
(436, 'Lisa', 'Schmidt', '1969-09-14'),
(437, 'Colleen', 'Moore', '1978-03-26'),
(438, 'Anthony', 'Hampton', '2004-08-28'),
(439, 'Gabrielle', 'Le', '1970-09-19'),
(440, 'Julie', 'Francis', '1989-05-23'),
(441, 'Clinton', 'Nicholson', '1971-02-21'),
(442, 'Colleen', 'Anthony', '1968-07-31'),
(443, 'Dean', 'Stephens', '1979-08-23'),
(444, 'Tiffany', 'Allen', '1979-02-08'),
(445, 'Kathleen', 'Green', '1960-11-10'),
(446, 'Nicole', 'Reed', '1971-03-09'),
(447, 'Patrick', 'Cook', '1965-04-22'),
(448, 'Nichole', 'Flynn', '2006-06-04'),
(449, 'Rachael', 'Carpenter', '2000-07-01'),
(450, 'Amy', 'Andrews', '1964-06-08'),
(451, 'Crystal', 'Patrick', '1994-06-14'),
(452, 'Ruben', 'Jordan', '1964-07-05'),
(453, 'Michael', 'Rodriguez', '1999-07-25'),
(454, 'James', 'Smith', '1993-03-23'),
(455, 'Heather', 'West', '1972-08-03'),
(456, 'Jeremy', 'Lambert', '1977-05-09'),
(457, 'Jonathan', 'Sanders', '1984-05-27'),
(458, 'Stephen', 'Bishop', '1990-08-31'),
(459, 'Carl', 'Hunt', '1964-04-16'),
(460, 'Deanna', 'Brown', '1988-01-22'),
(461, 'Kevin', 'Luna', '1998-06-30'),
(462, 'Jennifer', 'Casey', '1969-07-03'),
(463, 'Dawn', 'Calderon', '2001-07-30'),
(464, 'Chase', 'Patel', '1988-05-19'),
(465, 'James', 'Hanson', '1998-05-10'),
(466, 'Joseph', 'Manning', '2000-12-26'),
(467, 'Kari', 'Hall', '1993-09-15'),
(468, 'Jessica', 'Bush', '2001-11-02'),
(469, 'Michael', 'Turner', '1980-05-17'),
(470, 'Debra', 'Harrington', '1972-12-29'),
(471, 'Suzanne', 'Wall', '1972-03-10'),
(472, 'Kimberly', 'Bolton', '1964-10-04'),
(473, 'Emily', 'Clayton', '1962-03-13'),
(474, 'Angelica', 'Ford', '2007-01-08'),
(475, 'Veronica', 'Edwards', '2004-02-04'),
(476, 'Gary', 'Henry', '1977-08-09'),
(477, 'Larry', 'Dalton', '2002-04-27'),
(478, 'Michael', 'Roberts', '1987-04-24'),
(479, 'Ashley', 'Gordon', '1993-04-09'),
(480, 'Dawn', 'Kelly', '1981-02-25'),
(481, 'Katrina', 'Weiss', '1963-11-08'),
(482, 'Karen', 'Prince', '1988-11-29'),
(483, 'Andrew', 'Arias', '2004-11-28'),
(484, 'Sarah', 'Hess', '1989-09-24'),
(485, 'Anthony', 'West', '1980-09-22'),
(486, 'Tammy', 'Jenkins', '1981-05-04'),
(487, 'John', 'Peters', '1965-10-15'),
(488, 'Christina', 'Lopez', '2004-02-12'),
(489, 'John', 'Cox', '1965-06-30'),
(490, 'Peggy', 'Sanders', '1975-11-25'),
(491, 'Christopher', 'Newton', '1971-05-17'),
(492, 'Theresa', 'Valdez', '1990-11-01'),
(493, 'Cory', 'Wright', '1980-02-13'),
(494, 'James', 'Brock', '1994-08-24'),
(495, 'Hailey', 'Bradley', '1993-10-24'),
(496, 'Ana', 'Buck', '1973-07-01'),
(497, 'Jessica', 'Brewer', '1989-07-17'),
(498, 'Bonnie', 'Schneider', '1984-12-06'),
(499, 'Jane', 'Thomas', '1981-10-10'),
(500, 'Christopher', 'Martin', '1986-01-06');

INSERT INTO COUNTRY (country_id, country_name) VALUES
(1, 'United States'),
(2, 'Japan'),
(3, 'Argentina');

INSERT INTO REGION_TYPE (region_type_id, region_type) VALUES
(1, 'State'),
(2, 'Prefecture'),
(3, 'Province');

INSERT INTO PROJECT (project_id, project_name) VALUES
(1, 'Industry Year'),
(2, 'Coach Training'),
(3, 'Project Management'),
(4, 'Health Initiative'),
(5, 'Science Research'),
(6, 'Voting System'),
(7, 'Service Improvement'),
(8, 'Run Analysis'),
(9, 'Total Quality'),
(10, 'Institution Development'),
(11, 'Product Launch'),
(12, 'Kindness Campaign'),
(13, 'Scene Setup'),
(14, 'Street Renovation'),
(15, 'Near Completion'),
(16, 'Small Business'),
(17, 'Foreign Relations'),
(18, 'Wish Fulfillment'),
(19, 'Government Policy'),
(20, 'Response Plan'),
(21, 'Safety Measures'),
(22, 'Banking Solutions'),
(23, 'Game Development'),
(24, 'Citizen Engagement'),
(25, 'National Survey'),
(26, 'Teacher Training'),
(27, 'Project Initiation'),
(28, 'Night Study Program'),
(29, 'Water Conservation'),
(30, 'Reading Initiative'),
(31, 'Late Offer'),
(32, 'Medical Research'),
(33, 'Whom to Trust'),
(34, 'Life Skills'),
(35, 'Set Goals'),
(36, 'Common Practices'),
(37, 'Winning Strategy'),
(38, 'Feel Good'),
(39, 'Stock Analysis'),
(40, 'Modern Solutions'),
(41, 'Art Project'),
(42, 'Wind Energy'),
(43, 'Hearing Aid'),
(44, 'Might Wonder'),
(45, 'Pass Criteria'),
(46, 'Marriage Counseling'),
(47, 'Management Effort'),
(48, 'Civil Decision'),
(49, 'Raise Awareness'),
(50, 'Population Study'),
(51, 'Legislation Review'),
(52, 'Detailed Plan'),
(53, 'Environmental Law'),
(54, 'Market Analysis'),
(55, 'Drug Research'),
(56, 'Inclusive Practices'),
(57, 'Factor Analysis'),
(58, 'Weight Study'),
(59, 'Tree Planting'),
(60, 'Result Compilation'),
(61, 'Future Planning'),
(62, 'Adult Education'),
(63, 'Call Center'),
(64, 'Reasoning Vote'),
(65, 'Picture Chance'),
(66, 'Material Movement'),
(67, 'Couple Therapy'),
(68, 'Task Management'),
(69, 'Green Agency'),
(70, 'Acting Workshop'),
(71, 'Office Differences'),
(72, 'College Speech'),
(73, 'Team Agreement'),
(74, 'Team Building'),
(75, 'Tough Decisions'),
(76, 'Phone Survey'),
(77, 'Dream Analysis'),
(78, 'Near Completion'),
(79, 'Old Style'),
(80, 'Reality Check'),
(81, 'Network Expansion'),
(82, 'Front Desk'),
(83, 'Effort Evaluation'),
(84, 'Science Team'),
(85, 'Trip Planning'),
(86, 'Including Everyone'),
(87, 'Fly Threat'),
(88, 'Laugh Therapy'),
(89, 'Treat Ability'),
(90, 'Leadership Training'),
(91, 'Their Opinion'),
(92, 'Case Study'),
(93, 'Ahead Planning'),
(94, 'Popular Approach'),
(95, 'Financial Planning'),
(96, 'Phone Survey'),
(97, 'Second Opinion'),
(98, 'Run Position'),
(99, 'Couple Goals'),
(100, 'Reasoning Speech');

INSERT INTO CONTRACT (contract_id, contract_max_hours, billing_rate) VALUES
(1, 119, 52),
(2, 125, 74),
(3, 129, 91),
(4, 136, 52),
(5, 146, 97),
(6, 105, 78),
(7, 163, 87),
(8, 132, 92),
(9, 130, 82),
(10, 140, 79),
(11, 160, 88),
(12, 161, 69),
(13, 135, 83),
(14, 142, 89),
(15, 160, 68),
(16, 107, 57),
(17, 155, 81),
(18, 122, 58),
(19, 143, 88),
(20, 120, 66),
(21, 155, 98),
(22, 104, 60),
(23, 161, 72),
(24, 145, 85),
(25, 135, 93),
(26, 101, 71),
(27, 151, 78),
(28, 113, 88),
(29, 139, 74),
(30, 159, 58),
(31, 123, 99),
(32, 157, 92),
(33, 125, 78),
(34, 119, 72),
(35, 168, 88),
(36, 156, 92),
(37, 156, 71),
(38, 139, 69),
(39, 163, 54),
(40, 131, 57),
(41, 147, 61),
(42, 142, 78),
(43, 152, 50),
(44, 111, 61),
(45, 115, 96),
(46, 163, 98),
(47, 131, 79),
(48, 123, 87),
(49, 164, 85),
(50, 145, 59),
(51, 136, 69),
(52, 134, 88),
(53, 132, 74),
(54, 155, 60),
(55, 134, 89),
(56, 101, 53),
(57, 145, 59),
(58, 122, 83),
(59, 109, 63),
(60, 136, 74),
(61, 165, 80),
(62, 168, 64),
(63, 122, 82),
(64, 119, 74),
(65, 105, 76),
(66, 122, 89),
(67, 156, 91),
(68, 168, 58),
(69, 131, 78),
(70, 120, 69),
(71, 164, 54),
(72, 104, 56),
(73, 129, 93),
(74, 141, 54),
(75, 102, 51),
(76, 132, 90),
(77, 119, 73),
(78, 140, 76),
(79, 102, 89),
(80, 109, 85),
(81, 167, 100),
(82, 118, 71),
(83, 166, 90),
(84, 155, 60),
(85, 117, 80),
(86, 115, 99),
(87, 153, 67),
(88, 149, 82),
(89, 124, 62),
(90, 156, 94),
(91, 145, 82),
(92, 128, 98),
(93, 101, 95),
(94, 130, 91),
(95, 114, 63),
(96, 133, 58),
(97, 115, 75),
(98, 154, 57),
(99, 124, 96),
(100, 132, 73),
(101, 127, 55),
(102, 116, 71),
(103, 145, 64),
(104, 123, 73),
(105, 151, 53),
(106, 147, 86),
(107, 164, 71),
(108, 126, 87),
(109, 124, 99),
(110, 147, 68),
(111, 156, 68),
(112, 166, 68),
(113, 163, 83),
(114, 108, 75),
(115, 118, 66),
(116, 136, 99),
(117, 114, 82),
(118, 112, 90),
(119, 156, 72),
(120, 100, 77),
(121, 158, 50),
(122, 168, 61),
(123, 160, 95),
(124, 165, 51),
(125, 151, 88),
(126, 132, 97),
(127, 129, 99),
(128, 117, 63),
(129, 123, 89),
(130, 117, 60),
(131, 167, 66),
(132, 168, 52),
(133, 150, 96),
(134, 137, 74),
(135, 130, 50),
(136, 136, 83),
(137, 112, 71),
(138, 163, 55),
(139, 153, 100),
(140, 156, 60),
(141, 117, 68),
(142, 144, 52),
(143, 113, 83),
(144, 118, 97),
(145, 158, 62),
(146, 135, 62),
(147, 163, 62),
(148, 148, 67),
(149, 153, 99),
(150, 165, 64);

INSERT INTO PHONE (phone_id, phone_number, phone_type) VALUES
(1, '415-838-4553', 'Work'),
(2, '612-268-3082', 'Home'),
(3, '518-247-4949', 'Home'),
(4, '518-142-7678', 'Work'),
(5, '518-954-9632', 'Home'),
(6, '202-648-3905', 'Home'),
(7, '415-912-5500', 'Mobile'),
(8, '415-433-8461', 'Work'),
(9, '202-765-6346', 'Mobile'),
(10, '202-552-7921', 'Home'),
(11, '518-173-5568', 'Work'),
(12, '415-655-5392', 'Mobile'),
(13, '202-176-9576', 'Work'),
(14, '415-854-8009', 'Home'),
(15, '202-945-8665', 'Work'),
(16, '415-952-9059', 'Home'),
(17, '202-252-2725', 'Mobile'),
(18, '518-995-2563', 'Home'),
(19, '612-725-2067', 'Work'),
(20, '518-510-6948', 'Work'),
(21, '518-662-2756', 'Mobile'),
(22, '202-401-9754', 'Work'),
(23, '612-832-3409', 'Work'),
(24, '612-303-4821', 'Mobile'),
(25, '415-183-2657', 'Home'),
(26, '518-905-7328', 'Mobile'),
(27, '612-836-4681', 'Mobile'),
(28, '415-941-8312', 'Work'),
(29, '415-513-5794', 'Mobile'),
(30, '202-852-6623', 'Work'),
(31, '415-815-8763', 'Home'),
(32, '612-189-2692', 'Work'),
(33, '518-184-9181', 'Mobile'),
(34, '415-162-9511', 'Mobile'),
(35, '612-208-2949', 'Home'),
(36, '612-175-4609', 'Home'),
(37, '202-448-3954', 'Home'),
(38, '202-588-6686', 'Mobile'),
(39, '202-200-3446', 'Home'),
(40, '415-517-3731', 'Work'),
(41, '612-485-7598', 'Mobile'),
(42, '202-315-2931', 'Home'),
(43, '202-822-8009', 'Mobile'),
(44, '518-821-6744', 'Home'),
(45, '415-679-2615', 'Mobile'),
(46, '415-774-8770', 'Work'),
(47, '415-580-5958', 'Mobile'),
(48, '202-887-4537', 'Mobile'),
(49, '202-770-9770', 'Home'),
(50, '518-354-2776', 'Home'),
(51, '202-106-1740', 'Home'),
(52, '518-942-1916', 'Work'),
(53, '518-483-1359', 'Mobile'),
(54, '518-442-9073', 'Work'),
(55, '612-806-2617', 'Work'),
(56, '518-134-1369', 'Mobile'),
(57, '612-764-8037', 'Work'),
(58, '518-898-8300', 'Mobile'),
(59, '612-590-2794', 'Home'),
(60, '518-101-4952', 'Mobile'),
(61, '612-871-5077', 'Mobile'),
(62, '415-232-7863', 'Work'),
(63, '202-816-3509', 'Mobile'),
(64, '612-726-6696', 'Work'),
(65, '612-507-7498', 'Mobile'),
(66, '612-756-7046', 'Home'),
(67, '415-437-5565', 'Work'),
(68, '415-592-7822', 'Mobile'),
(69, '612-595-3749', 'Home'),
(70, '202-855-5262', 'Mobile'),
(71, '612-407-4966', 'Mobile'),
(72, '202-130-9269', 'Mobile'),
(73, '518-692-5181', 'Home'),
(74, '202-378-7579', 'Mobile'),
(75, '202-800-6776', 'Mobile'),
(76, '518-657-9873', 'Work'),
(77, '518-978-1600', 'Work'),
(78, '612-368-6684', 'Home'),
(79, '612-182-5005', 'Home'),
(80, '415-414-4032', 'Home'),
(81, '202-887-4834', 'Work'),
(82, '415-286-9421', 'Work'),
(83, '518-284-1784', 'Mobile'),
(84, '415-191-7943', 'Home'),
(85, '518-489-2467', 'Home'),
(86, '518-145-4392', 'Work'),
(87, '612-192-6802', 'Mobile'),
(88, '612-373-3213', 'Work'),
(89, '415-280-2407', 'Home'),
(90, '415-749-2268', 'Home'),
(91, '202-664-8393', 'Home'),
(92, '518-486-4236', 'Mobile'),
(93, '612-101-4922', 'Work'),
(94, '202-135-7069', 'Mobile'),
(95, '612-507-3243', 'Work'),
(96, '415-884-7702', 'Work'),
(97, '415-432-1009', 'Home'),
(98, '518-260-4860', 'Work'),
(99, '415-167-5644', 'Mobile'),
(100, '612-199-9006', 'Work'),
(101, '202-926-6484', 'Work'),
(102, '518-890-4803', 'Work'),
(103, '612-981-3438', 'Mobile'),
(104, '202-718-1171', 'Mobile'),
(105, '612-708-5312', 'Work'),
(106, '415-760-8221', 'Mobile'),
(107, '612-869-7246', 'Home'),
(108, '415-732-2080', 'Mobile'),
(109, '202-518-9305', 'Mobile'),
(110, '518-697-1795', 'Mobile'),
(111, '518-463-6797', 'Mobile'),
(112, '202-779-9060', 'Mobile'),
(113, '612-226-2039', 'Home'),
(114, '415-507-6458', 'Mobile'),
(115, '415-541-3207', 'Home'),
(116, '518-656-8832', 'Work'),
(117, '518-564-6540', 'Work'),
(118, '612-896-1104', 'Mobile'),
(119, '518-119-2275', 'Home'),
(120, '202-416-5936', 'Home'),
(121, '612-579-7052', 'Mobile'),
(122, '202-181-4635', 'Mobile'),
(123, '415-736-6276', 'Work'),
(124, '518-530-5966', 'Home'),
(125, '202-758-5894', 'Mobile'),
(126, '612-187-1656', 'Home'),
(127, '202-279-5160', 'Mobile'),
(128, '415-461-6984', 'Mobile'),
(129, '202-890-7424', 'Mobile'),
(130, '202-882-4625', 'Home'),
(131, '415-613-4597', 'Mobile'),
(132, '612-199-5763', 'Home'),
(133, '612-727-9299', 'Home'),
(134, '415-178-4011', 'Home'),
(135, '518-177-5072', 'Work'),
(136, '612-860-2202', 'Work'),
(137, '202-386-3263', 'Home'),
(138, '415-180-1914', 'Mobile'),
(139, '415-537-5226', 'Work'),
(140, '202-569-9039', 'Work'),
(141, '202-271-3866', 'Home'),
(142, '202-814-4827', 'Mobile'),
(143, '518-459-5492', 'Mobile'),
(144, '202-971-8946', 'Work'),
(145, '202-562-2192', 'Work'),
(146, '612-101-2326', 'Mobile'),
(147, '518-170-5428', 'Work'),
(148, '518-209-2089', 'Work'),
(149, '202-803-2865', 'Work'),
(150, '415-692-2927', 'Work'),
(151, '415-457-8328', 'Mobile'),
(152, '612-816-7588', 'Work'),
(153, '202-398-4094', 'Work'),
(154, '415-175-2826', 'Mobile'),
(155, '202-290-6559', 'Work'),
(156, '415-241-8848', 'Mobile'),
(157, '415-482-3125', 'Mobile'),
(158, '415-207-4227', 'Home'),
(159, '612-737-6699', 'Mobile'),
(160, '415-646-1758', 'Home'),
(161, '612-193-2508', 'Home'),
(162, '415-957-1492', 'Mobile'),
(163, '612-184-5503', 'Work'),
(164, '518-380-4777', 'Home'),
(165, '518-657-7524', 'Home'),
(166, '415-935-6328', 'Work'),
(167, '612-506-5682', 'Home'),
(168, '202-418-3726', 'Mobile'),
(169, '612-371-8402', 'Mobile'),
(170, '415-148-1925', 'Work'),
(171, '202-218-6198', 'Work'),
(172, '518-316-2697', 'Home'),
(173, '612-983-7273', 'Mobile'),
(174, '202-429-4749', 'Home'),
(175, '202-937-4384', 'Work'),
(176, '518-748-7233', 'Mobile'),
(177, '202-987-7190', 'Home'),
(178, '415-289-2055', 'Mobile'),
(179, '202-442-9503', 'Home'),
(180, '415-456-5439', 'Work'),
(181, '415-535-7344', 'Home'),
(182, '202-740-5253', 'Home'),
(183, '415-540-6452', 'Work'),
(184, '612-804-8392', 'Work'),
(185, '612-787-4924', 'Mobile'),
(186, '202-424-5314', 'Work'),
(187, '518-538-3608', 'Work'),
(188, '202-492-6947', 'Home'),
(189, '518-567-7365', 'Mobile'),
(190, '415-620-1035', 'Mobile'),
(191, '202-429-3431', 'Mobile'),
(192, '202-245-8914', 'Mobile'),
(193, '415-572-9708', 'Mobile'),
(194, '518-709-6137', 'Work'),
(195, '202-726-3107', 'Mobile'),
(196, '202-989-6105', 'Home'),
(197, '415-249-2034', 'Work'),
(198, '518-285-9518', 'Work'),
(199, '518-683-1339', 'Mobile'),
(200, '415-620-2069', 'Home'),
(201, '415-543-6894', 'Mobile'),
(202, '202-630-8975', 'Mobile'),
(203, '202-379-2402', 'Mobile'),
(204, '518-736-3506', 'Home'),
(205, '612-126-6070', 'Home'),
(206, '202-306-3744', 'Work'),
(207, '612-823-3635', 'Mobile'),
(208, '518-637-6275', 'Home'),
(209, '202-654-3242', 'Work'),
(210, '518-437-2478', 'Home'),
(211, '518-771-5431', 'Home'),
(212, '518-180-2572', 'Home'),
(213, '612-846-9474', 'Work'),
(214, '612-964-5780', 'Home'),
(215, '612-164-1388', 'Home'),
(216, '518-306-3738', 'Home'),
(217, '612-844-5134', 'Work'),
(218, '612-435-2512', 'Mobile'),
(219, '518-784-5751', 'Work'),
(220, '518-163-7020', 'Mobile'),
(221, '612-331-7974', 'Mobile'),
(222, '612-624-3355', 'Mobile'),
(223, '415-370-1023', 'Mobile'),
(224, '202-680-1098', 'Work'),
(225, '415-774-7219', 'Mobile'),
(226, '612-203-2547', 'Mobile'),
(227, '202-634-8368', 'Home'),
(228, '612-264-1540', 'Work'),
(229, '202-991-4090', 'Home'),
(230, '202-126-8547', 'Mobile'),
(231, '415-890-5406', 'Home'),
(232, '202-150-6996', 'Home'),
(233, '612-269-5705', 'Work'),
(234, '415-989-4917', 'Work'),
(235, '202-869-8103', 'Mobile'),
(236, '612-114-7354', 'Home'),
(237, '612-524-5544', 'Home'),
(238, '415-796-6499', 'Work'),
(239, '415-362-8536', 'Home'),
(240, '415-535-1989', 'Mobile'),
(241, '415-972-9346', 'Mobile'),
(242, '612-176-8784', 'Work'),
(243, '415-653-3908', 'Home'),
(244, '202-938-9831', 'Home'),
(245, '518-825-1628', 'Home'),
(246, '415-431-7581', 'Mobile'),
(247, '612-990-5160', 'Home'),
(248, '415-379-4883', 'Home'),
(249, '612-565-8706', 'Home'),
(250, '518-363-1909', 'Home'),
(251, '202-670-3601', 'Mobile'),
(252, '612-797-5673', 'Work'),
(253, '612-669-8749', 'Work'),
(254, '415-981-9534', 'Work'),
(255, '202-861-2863', 'Mobile'),
(256, '612-934-5801', 'Mobile'),
(257, '612-670-5023', 'Work'),
(258, '612-482-1086', 'Mobile'),
(259, '415-530-4852', 'Mobile'),
(260, '415-319-1174', 'Home'),
(261, '518-834-9647', 'Work'),
(262, '612-298-4527', 'Home'),
(263, '202-187-3637', 'Mobile'),
(264, '612-888-4619', 'Home'),
(265, '518-695-4671', 'Home'),
(266, '612-668-2986', 'Work'),
(267, '518-360-5334', 'Home'),
(268, '415-772-4526', 'Home'),
(269, '202-743-5776', 'Home'),
(270, '415-251-1859', 'Work'),
(271, '518-941-1740', 'Work'),
(272, '612-368-5001', 'Home'),
(273, '415-855-6084', 'Mobile'),
(274, '415-251-7270', 'Work'),
(275, '612-279-6561', 'Mobile'),
(276, '518-863-4201', 'Work'),
(277, '415-218-5750', 'Home'),
(278, '518-759-2531', 'Home'),
(279, '612-698-4163', 'Mobile'),
(280, '612-967-4232', 'Work'),
(281, '202-612-5356', 'Mobile'),
(282, '518-556-6570', 'Home'),
(283, '612-579-6474', 'Mobile'),
(284, '612-823-9506', 'Mobile'),
(285, '612-869-2706', 'Home'),
(286, '415-252-3672', 'Work'),
(287, '612-903-2295', 'Mobile'),
(288, '518-700-5397', 'Work'),
(289, '202-539-6474', 'Mobile'),
(290, '518-469-8221', 'Work'),
(291, '612-577-5814', 'Work'),
(292, '415-934-4277', 'Home'),
(293, '415-410-1807', 'Work'),
(294, '415-438-5239', 'Mobile'),
(295, '415-653-4679', 'Work'),
(296, '202-611-2097', 'Mobile'),
(297, '415-723-1823', 'Mobile'),
(298, '202-122-3828', 'Work'),
(299, '202-972-9643', 'Mobile'),
(300, '612-175-5958', 'Mobile'),
(301, '202-852-7199', 'Work'),
(302, '415-819-8807', 'Home'),
(303, '518-140-7882', 'Work'),
(304, '518-145-2152', 'Mobile'),
(305, '612-991-6574', 'Home'),
(306, '612-917-9474', 'Mobile'),
(307, '202-990-2455', 'Mobile'),
(308, '612-594-8334', 'Mobile'),
(309, '612-546-7893', 'Work'),
(310, '612-279-6943', 'Home'),
(311, '415-700-1105', 'Work'),
(312, '415-389-1109', 'Work'),
(313, '518-233-2201', 'Work'),
(314, '518-983-9033', 'Work'),
(315, '612-400-1571', 'Home'),
(316, '518-317-6204', 'Work'),
(317, '202-326-6996', 'Mobile'),
(318, '202-782-7382', 'Work'),
(319, '202-335-9086', 'Mobile'),
(320, '612-850-7072', 'Work'),
(321, '518-561-6389', 'Work'),
(322, '202-581-2157', 'Mobile'),
(323, '415-674-6318', 'Home'),
(324, '202-500-6836', 'Home'),
(325, '202-622-7683', 'Mobile'),
(326, '415-498-6960', 'Mobile'),
(327, '518-166-4284', 'Home'),
(328, '518-741-5244', 'Work'),
(329, '202-233-5546', 'Mobile'),
(330, '612-957-3783', 'Mobile'),
(331, '612-590-7071', 'Home'),
(332, '202-249-6069', 'Home'),
(333, '415-371-6695', 'Home'),
(334, '415-795-7919', 'Home'),
(335, '612-535-9164', 'Home'),
(336, '612-287-3595', 'Work'),
(337, '612-520-5839', 'Mobile'),
(338, '518-548-6556', 'Home'),
(339, '202-925-6288', 'Mobile'),
(340, '202-380-9189', 'Work'),
(341, '415-953-8071', 'Work'),
(342, '202-239-2079', 'Mobile'),
(343, '415-829-7145', 'Mobile'),
(344, '202-926-3719', 'Home'),
(345, '415-943-4574', 'Work'),
(346, '415-970-2915', 'Home'),
(347, '612-849-9605', 'Work'),
(348, '202-852-6067', 'Home'),
(349, '202-386-8056', 'Mobile'),
(350, '612-178-3561', 'Mobile'),
(351, '612-187-1205', 'Work'),
(352, '202-356-4179', 'Work'),
(353, '518-174-7526', 'Work'),
(354, '415-207-2729', 'Work'),
(355, '202-914-3381', 'Work'),
(356, '202-196-1676', 'Mobile'),
(357, '415-157-1392', 'Mobile'),
(358, '415-634-2694', 'Home'),
(359, '415-959-1357', 'Work'),
(360, '202-337-8023', 'Work'),
(361, '415-745-1517', 'Work'),
(362, '612-819-9675', 'Mobile'),
(363, '415-807-9892', 'Mobile'),
(364, '415-224-9604', 'Home'),
(365, '612-980-4268', 'Home'),
(366, '415-136-1186', 'Home'),
(367, '612-494-5841', 'Home'),
(368, '415-986-6879', 'Mobile'),
(369, '415-848-3816', 'Mobile'),
(370, '612-208-8528', 'Mobile'),
(371, '415-959-4819', 'Work'),
(372, '202-203-5844', 'Work'),
(373, '415-791-6881', 'Home'),
(374, '612-477-2648', 'Mobile'),
(375, '202-777-6292', 'Work'),
(376, '518-931-3219', 'Work'),
(377, '415-588-8235', 'Mobile'),
(378, '202-193-4962', 'Mobile'),
(379, '202-109-5503', 'Home'),
(380, '415-791-1817', 'Mobile'),
(381, '202-569-7032', 'Home'),
(382, '202-983-2303', 'Home'),
(383, '518-523-1578', 'Mobile'),
(384, '202-335-2310', 'Work'),
(385, '202-936-6185', 'Work'),
(386, '415-366-4827', 'Work'),
(387, '612-806-6382', 'Mobile'),
(388, '415-175-4938', 'Work'),
(389, '202-576-5752', 'Work'),
(390, '202-898-6999', 'Mobile'),
(391, '612-109-9806', 'Mobile'),
(392, '612-649-7367', 'Mobile'),
(393, '518-997-3128', 'Work'),
(394, '518-825-4835', 'Home'),
(395, '612-867-3750', 'Work'),
(396, '202-721-5110', 'Work'),
(397, '202-237-1951', 'Home'),
(398, '415-458-6204', 'Work'),
(399, '202-995-4581', 'Home'),
(400, '518-324-6116', 'Work'),
(401, '202-291-3016', 'Mobile'),
(402, '415-700-3634', 'Home'),
(403, '612-502-5550', 'Home'),
(404, '202-984-1453', 'Mobile'),
(405, '202-790-4447', 'Work'),
(406, '612-762-6467', 'Mobile'),
(407, '612-604-4630', 'Work'),
(408, '202-460-3238', 'Mobile'),
(409, '202-684-1103', 'Work'),
(410, '518-842-2159', 'Mobile'),
(411, '415-745-9830', 'Work'),
(412, '202-178-3832', 'Home'),
(413, '612-218-7392', 'Mobile'),
(414, '518-164-6743', 'Home'),
(415, '518-704-5069', 'Mobile'),
(416, '612-507-1601', 'Mobile'),
(417, '202-636-6921', 'Mobile'),
(418, '415-802-2034', 'Mobile'),
(419, '415-449-9395', 'Work'),
(420, '202-442-5689', 'Home'),
(421, '612-383-5733', 'Work'),
(422, '202-116-4168', 'Home'),
(423, '518-133-2337', 'Work'),
(424, '518-549-6131', 'Work'),
(425, '612-527-7415', 'Work'),
(426, '202-883-5898', 'Mobile'),
(427, '612-917-1873', 'Mobile'),
(428, '415-626-7225', 'Mobile'),
(429, '518-190-5514', 'Home'),
(430, '518-686-1012', 'Mobile'),
(431, '415-169-4969', 'Home'),
(432, '518-251-6326', 'Mobile'),
(433, '415-790-1410', 'Mobile'),
(434, '518-372-2840', 'Home'),
(435, '518-303-2388', 'Home'),
(436, '202-314-3494', 'Home'),
(437, '202-882-9830', 'Mobile'),
(438, '518-637-7401', 'Mobile'),
(439, '518-864-9962', 'Mobile'),
(440, '612-437-8462', 'Home'),
(441, '202-182-6958', 'Work'),
(442, '612-828-8220', 'Mobile'),
(443, '202-619-3013', 'Work'),
(444, '518-947-2063', 'Home'),
(445, '612-134-5788', 'Mobile'),
(446, '202-815-4703', 'Mobile'),
(447, '612-356-5742', 'Home'),
(448, '415-349-7616', 'Mobile'),
(449, '612-871-5772', 'Home'),
(450, '518-413-6488', 'Home'),
(451, '518-387-9949', 'Work'),
(452, '415-514-5047', 'Work'),
(453, '518-565-3703', 'Home'),
(454, '612-914-2541', 'Home'),
(455, '612-789-7253', 'Work'),
(456, '202-908-2221', 'Work'),
(457, '202-332-5631', 'Work'),
(458, '202-807-7789', 'Mobile'),
(459, '415-701-7901', 'Work'),
(460, '612-404-3944', 'Mobile'),
(461, '415-893-3644', 'Home'),
(462, '518-400-3278', 'Home'),
(463, '202-883-2445', 'Home'),
(464, '518-524-2307', 'Home'),
(465, '202-870-4081', 'Home'),
(466, '415-458-7471', 'Mobile'),
(467, '612-605-8721', 'Mobile'),
(468, '415-403-7102', 'Work'),
(469, '202-110-8563', 'Work'),
(470, '415-747-4479', 'Home'),
(471, '415-721-6383', 'Work'),
(472, '518-509-7474', 'Home'),
(473, '518-219-2797', 'Work'),
(474, '612-447-6659', 'Work'),
(475, '415-631-2402', 'Work'),
(476, '518-281-2415', 'Home'),
(477, '612-360-3261', 'Work'),
(478, '612-503-5618', 'Work'),
(479, '202-289-2292', 'Work'),
(480, '202-236-2586', 'Home'),
(481, '518-884-3629', 'Mobile'),
(482, '202-937-4726', 'Work'),
(483, '415-145-2041', 'Mobile'),
(484, '518-446-2182', 'Home'),
(485, '415-984-8657', 'Home'),
(486, '518-227-6858', 'Work'),
(487, '612-336-5530', 'Work'),
(488, '415-979-7562', 'Mobile'),
(489, '415-989-3709', 'Work'),
(490, '202-377-6914', 'Home'),
(491, '202-229-7742', 'Mobile'),
(492, '202-880-3156', 'Work'),
(493, '415-585-6487', 'Mobile'),
(494, '612-798-3816', 'Work'),
(495, '612-491-6175', 'Work'),
(496, '415-492-4343', 'Work'),
(497, '612-303-3965', 'Work'),
(498, '415-643-2690', 'Home'),
(499, '612-299-4661', 'Mobile'),
(500, '415-722-1580', 'Home');

INSERT INTO EMAIL (email_id, email, email_type) VALUES
(1, 'Lauren.Rogers@email.com', 'Primary'),
(2, 'Regina.Williams@email.com', 'Secondary'),
(3, 'Victoria.Gallagher@email.com', 'Primary'),
(4, 'Kyle.Moore@email.com', 'Secondary'),
(5, 'Stephen.Alvarado@email.com', 'Primary'),
(6, 'Debbie.Ellis@email.com', 'Secondary'),
(7, 'Mark.Barr@email.com', 'Secondary'),
(8, 'John.Medina@email.com', 'Secondary'),
(9, 'Adam.Johnson@email.com', 'Secondary'),
(10, 'Tammy.Wagner@email.com', 'Primary'),
(11, 'Angela.Mcclain@email.com', 'Secondary'),
(12, 'Jessica.Williams@email.com', 'Primary'),
(13, 'Robert.Cooper@email.com', 'Primary'),
(14, 'Sara.Robertson@email.com', 'Primary'),
(15, 'Theodore.Smith@email.com', 'Secondary'),
(16, 'Debra.Stokes@email.com', 'Secondary'),
(17, 'Jamie.Smith@email.com', 'Primary'),
(18, 'Donna.Wells@email.com', 'Secondary'),
(19, 'Rachel.Allen@email.com', 'Primary'),
(20, 'Evelyn.Martinez@email.com', 'Secondary'),
(21, 'Ronald.Jones@email.com', 'Primary'),
(22, 'Lori.Jones@email.com', 'Secondary'),
(23, 'Amy.Butler@email.com', 'Primary'),
(24, 'Dakota.Carter@email.com', 'Secondary'),
(25, 'Crystal.Stone@email.com', 'Primary'),
(26, 'David.Reynolds@email.com', 'Primary'),
(27, 'Sharon.Decker@email.com', 'Primary'),
(28, 'Dawn.Daniels@email.com', 'Secondary'),
(29, 'Elizabeth.Alvarado@email.com', 'Primary'),
(30, 'Linda.Moreno@email.com', 'Secondary'),
(31, 'Alicia.Benson@email.com', 'Secondary'),
(32, 'Travis.Mayer@email.com', 'Secondary'),
(33, 'Mindy.Barrera@email.com', 'Primary'),
(34, 'Renee.Phillips@email.com', 'Primary'),
(35, 'Kyle.Kim@email.com', 'Primary'),
(36, 'Tara.Wilkinson@email.com', 'Primary'),
(37, 'John.Chapman@email.com', 'Secondary'),
(38, 'Robin.Hogan@email.com', 'Primary'),
(39, 'Robert.Morrison@email.com', 'Primary'),
(40, 'Paula.Jenkins@email.com', 'Primary'),
(41, 'Wesley.Thompson@email.com', 'Secondary'),
(42, 'Deanna.Holder@email.com', 'Primary'),
(43, 'Jill.Larson@email.com', 'Secondary'),
(44, 'Tasha.Ramirez@email.com', 'Primary'),
(45, 'Paul.Harvey@email.com', 'Primary'),
(46, 'Kevin.Fernandez@email.com', 'Secondary'),
(47, 'Justin.Johnson@email.com', 'Primary'),
(48, 'Tyler.Carter@email.com', 'Secondary'),
(49, 'Ashley.Dunn@email.com', 'Secondary'),
(50, 'Savannah.Spencer@email.com', 'Primary'),
(51, 'Charles.Garrison@email.com', 'Primary'),
(52, 'Amy.Benson@email.com', 'Primary'),
(53, 'Lauren.Rodriguez@email.com', 'Primary'),
(54, 'Michelle.Lopez@email.com', 'Secondary'),
(55, 'Benjamin.Neal@email.com', 'Primary'),
(56, 'Francis.Scott@email.com', 'Primary'),
(57, 'Tiffany.Avery@email.com', 'Secondary'),
(58, 'Matthew.Harrison@email.com', 'Primary'),
(59, 'Brandon.Gomez@email.com', 'Primary'),
(60, 'Christopher.Phillips@email.com', 'Primary'),
(61, 'Rebecca.Bean@email.com', 'Secondary'),
(62, 'Tammie.Bradshaw@email.com', 'Secondary'),
(63, 'Steven.Roberson@email.com', 'Secondary'),
(64, 'John.Chen@email.com', 'Primary'),
(65, 'Alex.Bradford@email.com', 'Secondary'),
(66, 'Judy.Hansen@email.com', 'Primary'),
(67, 'Lisa.Tanner@email.com', 'Primary'),
(68, 'Jacob.Knight@email.com', 'Primary'),
(69, 'Jessica.Mcgrath@email.com', 'Primary'),
(70, 'Luke.Bryan@email.com', 'Primary'),
(71, 'Gary.Harrison@email.com', 'Primary'),
(72, 'Jerry.Stephens@email.com', 'Primary'),
(73, 'Robin.Rogers@email.com', 'Primary'),
(74, 'Rachel.Mcknight@email.com', 'Primary'),
(75, 'Austin.Howard@email.com', 'Primary'),
(76, 'Daniel.Rodriguez@email.com', 'Secondary'),
(77, 'Stacey.Turner@email.com', 'Primary'),
(78, 'William.Mcgee@email.com', 'Secondary'),
(79, 'April.Howell@email.com', 'Secondary'),
(80, 'Sabrina.Welch@email.com', 'Primary'),
(81, 'David.Wilkinson@email.com', 'Secondary'),
(82, 'Bruce.Simpson@email.com', 'Secondary'),
(83, 'Joseph.Reyes@email.com', 'Secondary'),
(84, 'Heather.Hudson@email.com', 'Primary'),
(85, 'Mark.Cortez@email.com', 'Primary'),
(86, 'Jason.Salazar@email.com', 'Primary'),
(87, 'Summer.Carroll@email.com', 'Primary'),
(88, 'John.Collier@email.com', 'Primary'),
(89, 'Donald.Bowers@email.com', 'Primary'),
(90, 'Kimberly.Evans@email.com', 'Primary'),
(91, 'Jason.Ballard@email.com', 'Primary'),
(92, 'James.Garcia@email.com', 'Secondary'),
(93, 'Lynn.Johnson@email.com', 'Primary'),
(94, 'Scott.Bush@email.com', 'Primary'),
(95, 'Robert.Williams@email.com', 'Secondary'),
(96, 'Christopher.Gibson@email.com', 'Secondary'),
(97, 'Deborah.Costa@email.com', 'Secondary'),
(98, 'Vanessa.Ruiz@email.com', 'Primary'),
(99, 'Dennis.Smith@email.com', 'Primary'),
(100, 'Jamie.Stanley@email.com', 'Secondary'),
(101, 'Kathleen.Stevenson@email.com', 'Primary'),
(102, 'Elizabeth.Stokes@email.com', 'Secondary'),
(103, 'Timothy.Cole@email.com', 'Primary'),
(104, 'Michael.Saunders@email.com', 'Secondary'),
(105, 'Brittany.Smith@email.com', 'Primary'),
(106, 'Gail.Valencia@email.com', 'Primary'),
(107, 'Frank.Peterson@email.com', 'Primary'),
(108, 'Emily.Gonzalez@email.com', 'Secondary'),
(109, 'Robert.Kerr@email.com', 'Secondary'),
(110, 'Kent.Archer@email.com', 'Primary'),
(111, 'Alicia.Moore@email.com', 'Secondary'),
(112, 'Carrie.Wright@email.com', 'Secondary'),
(113, 'Shannon.Henry@email.com', 'Secondary'),
(114, 'Sheila.Maldonado@email.com', 'Primary'),
(115, 'Teresa.Briggs@email.com', 'Secondary'),
(116, 'Sara.Adams@email.com', 'Secondary'),
(117, 'Jesus.Gould@email.com', 'Primary'),
(118, 'Luke.Anderson@email.com', 'Primary'),
(119, 'Kathleen.Skinner@email.com', 'Secondary'),
(120, 'Sarah.Hansen@email.com', 'Primary'),
(121, 'Kevin.Roman@email.com', 'Primary'),
(122, 'Amanda.Nguyen@email.com', 'Secondary'),
(123, 'Anthony.Wilson@email.com', 'Primary'),
(124, 'Tina.Perez@email.com', 'Secondary'),
(125, 'Rebecca.Thornton@email.com', 'Secondary'),
(126, 'Michelle.Knight@email.com', 'Primary'),
(127, 'John.Rodriguez@email.com', 'Primary'),
(128, 'Terri.Johnson@email.com', 'Secondary'),
(129, 'Kendra.Parsons@email.com', 'Primary'),
(130, 'Jennifer.Russell@email.com', 'Primary'),
(131, 'Michael.Acosta@email.com', 'Secondary'),
(132, 'Alexander.George@email.com', 'Secondary'),
(133, 'Amy.Mcbride@email.com', 'Secondary'),
(134, 'David.Young@email.com', 'Secondary'),
(135, 'Kristina.Mcconnell@email.com', 'Primary'),
(136, 'Tim.Carlson@email.com', 'Primary'),
(137, 'Elizabeth.Zamora@email.com', 'Primary'),
(138, 'Jonathan.Cohen@email.com', 'Primary'),
(139, 'Melissa.Davis@email.com', 'Secondary'),
(140, 'Matthew.Reeves@email.com', 'Secondary'),
(141, 'Stephanie.Cole@email.com', 'Primary'),
(142, 'Terri.Perkins@email.com', 'Secondary'),
(143, 'Tyler.Taylor@email.com', 'Secondary'),
(144, 'Hector.Mcdonald@email.com', 'Secondary'),
(145, 'Cathy.Rodriguez@email.com', 'Primary'),
(146, 'Jessica.Mason@email.com', 'Secondary'),
(147, 'Douglas.Guerrero@email.com', 'Secondary'),
(148, 'Megan.Smith@email.com', 'Primary'),
(149, 'Sue.Robinson@email.com', 'Primary'),
(150, 'Charles.Gonzales@email.com', 'Primary'),
(151, 'Stephanie.Stevens@email.com', 'Secondary'),
(152, 'Michael.Elliott@email.com', 'Primary'),
(153, 'Courtney.Duran@email.com', 'Primary'),
(154, 'Tiffany.Bell@email.com', 'Secondary'),
(155, 'Lisa.Cook@email.com', 'Secondary'),
(156, 'Brian.Roberts@email.com', 'Primary'),
(157, 'Natalie.Fernandez@email.com', 'Secondary'),
(158, 'Gregory.Morse@email.com', 'Primary'),
(159, 'Jeffrey.Wilson@email.com', 'Secondary'),
(160, 'Micheal.Matthews@email.com', 'Secondary'),
(161, 'Melissa.Stone@email.com', 'Primary'),
(162, 'Karen.Hamilton@email.com', 'Secondary'),
(163, 'Amy.Horton@email.com', 'Secondary'),
(164, 'Courtney.Perez@email.com', 'Secondary'),
(165, 'Brian.Spencer@email.com', 'Secondary'),
(166, 'Leonard.Campos@email.com', 'Secondary'),
(167, 'Martin.Stevenson@email.com', 'Secondary'),
(168, 'Alicia.Kim@email.com', 'Primary'),
(169, 'Deborah.Lawson@email.com', 'Primary'),
(170, 'Sydney.Chavez@email.com', 'Primary'),
(171, 'Andrea.Daniels@email.com', 'Primary'),
(172, 'Patricia.Stewart@email.com', 'Secondary'),
(173, 'Lucas.Castillo@email.com', 'Secondary'),
(174, 'Kelly.Carlson@email.com', 'Secondary'),
(175, 'Gary.Moyer@email.com', 'Primary'),
(176, 'Christine.Crane@email.com', 'Primary'),
(177, 'David.Johnson@email.com', 'Secondary'),
(178, 'Wayne.Rhodes@email.com', 'Primary'),
(179, 'Carrie.Freeman@email.com', 'Primary'),
(180, 'Leslie.Beck@email.com', 'Secondary'),
(181, 'Nancy.Gilbert@email.com', 'Primary'),
(182, 'Nicole.Wilkerson@email.com', 'Primary'),
(183, 'Danielle.Hayes@email.com', 'Primary'),
(184, 'Allison.Smith@email.com', 'Secondary'),
(185, 'Lance.Quinn@email.com', 'Primary'),
(186, 'Dana.Berry@email.com', 'Primary'),
(187, 'Lindsey.Williams@email.com', 'Primary'),
(188, 'Joyce.Simon@email.com', 'Secondary'),
(189, 'Lindsay.Carter@email.com', 'Primary'),
(190, 'Kimberly.Lawson@email.com', 'Primary'),
(191, 'John.Newton@email.com', 'Secondary'),
(192, 'Lindsay.Craig@email.com', 'Primary'),
(193, 'David.Lopez@email.com', 'Primary'),
(194, 'Ryan.Gray@email.com', 'Primary'),
(195, 'Kenneth.Reed@email.com', 'Primary'),
(196, 'Frank.Rogers@email.com', 'Primary'),
(197, 'Todd.Warren@email.com', 'Primary'),
(198, 'Jennifer.Taylor@email.com', 'Primary'),
(199, 'Nancy.Woods@email.com', 'Secondary'),
(200, 'Curtis.Sanchez@email.com', 'Primary'),
(201, 'Joseph.Gray@email.com', 'Secondary'),
(202, 'Jennifer.Kramer@email.com', 'Secondary'),
(203, 'Kristina.Williams@email.com', 'Secondary'),
(204, 'Lori.Mitchell@email.com', 'Secondary'),
(205, 'Brian.Griffith@email.com', 'Secondary'),
(206, 'Brian.Maddox@email.com', 'Primary'),
(207, 'James.Jackson@email.com', 'Primary'),
(208, 'Christopher.Wong@email.com', 'Primary'),
(209, 'Kelly.Williams@email.com', 'Primary'),
(210, 'Heather.Bowen@email.com', 'Secondary'),
(211, 'Jonathan.Parsons@email.com', 'Secondary'),
(212, 'Gary.Flynn@email.com', 'Primary'),
(213, 'Sabrina.Le@email.com', 'Secondary'),
(214, 'Paul.Glover@email.com', 'Secondary'),
(215, 'Vernon.Graham@email.com', 'Secondary'),
(216, 'James.Brown@email.com', 'Secondary'),
(217, 'Brandi.Lopez@email.com', 'Primary'),
(218, 'Nicholas.Mendez@email.com', 'Primary'),
(219, 'Nicole.Mason@email.com', 'Secondary'),
(220, 'Patricia.Williams@email.com', 'Secondary'),
(221, 'Joseph.Bender@email.com', 'Secondary'),
(222, 'Christopher.Long@email.com', 'Primary'),
(223, 'Nicole.Pacheco@email.com', 'Primary'),
(224, 'Christopher.Lowe@email.com', 'Primary'),
(225, 'Jennifer.Ortega@email.com', 'Primary'),
(226, 'Erica.Coleman@email.com', 'Primary'),
(227, 'Rebecca.Moore@email.com', 'Secondary'),
(228, 'Robert.Morse@email.com', 'Primary'),
(229, 'Jesse.Espinoza@email.com', 'Primary'),
(230, 'Andrew.Brown@email.com', 'Primary'),
(231, 'Nicholas.Ford@email.com', 'Primary'),
(232, 'Julie.Wilson@email.com', 'Secondary'),
(233, 'Patrick.Bell@email.com', 'Primary'),
(234, 'Carlos.Long@email.com', 'Secondary'),
(235, 'Elizabeth.Kennedy@email.com', 'Primary'),
(236, 'Carl.Clarke@email.com', 'Primary'),
(237, 'Raven.Ellis@email.com', 'Secondary'),
(238, 'Ronald.Thomas@email.com', 'Primary'),
(239, 'Jennifer.Atkinson@email.com', 'Primary'),
(240, 'Zachary.Mason@email.com', 'Primary'),
(241, 'Michael.Peterson@email.com', 'Secondary'),
(242, 'Chelsea.Sanders@email.com', 'Primary'),
(243, 'Mark.Flores@email.com', 'Primary'),
(244, 'Janice.West@email.com', 'Primary'),
(245, 'Nathan.Haney@email.com', 'Primary'),
(246, 'Kayla.Wilkins@email.com', 'Secondary'),
(247, 'Joe.Carpenter@email.com', 'Primary'),
(248, 'Carla.Villa@email.com', 'Secondary'),
(249, 'Lori.Green@email.com', 'Primary'),
(250, 'Denise.Browning@email.com', 'Primary'),
(251, 'Sharon.Gonzalez@email.com', 'Primary'),
(252, 'Robert.Holt@email.com', 'Primary'),
(253, 'Patricia.Cox@email.com', 'Secondary'),
(254, 'Diane.Thompson@email.com', 'Secondary'),
(255, 'Tina.Hernandez@email.com', 'Secondary'),
(256, 'Rodney.Rodriguez@email.com', 'Secondary'),
(257, 'Brian.Hernandez@email.com', 'Secondary'),
(258, 'Nathan.Lee@email.com', 'Primary'),
(259, 'Jonathan.Lynch@email.com', 'Secondary'),
(260, 'Miranda.Ruiz@email.com', 'Secondary'),
(261, 'Sharon.Lopez@email.com', 'Secondary'),
(262, 'Melanie.Porter@email.com', 'Secondary'),
(263, 'Terri.Daugherty@email.com', 'Secondary'),
(264, 'Helen.Olsen@email.com', 'Primary'),
(265, 'Andrea.Walker@email.com', 'Secondary'),
(266, 'Tammy.Garcia@email.com', 'Secondary'),
(267, 'Erica.Scott@email.com', 'Primary'),
(268, 'Justin.Jennings@email.com', 'Secondary'),
(269, 'Lindsey.Buchanan@email.com', 'Primary'),
(270, 'Christopher.Thompson@email.com', 'Primary'),
(271, 'Christina.Strickland@email.com', 'Primary'),
(272, 'Logan.Mathis@email.com', 'Secondary'),
(273, 'Hunter.Griffith@email.com', 'Primary'),
(274, 'Natalie.Patel@email.com', 'Primary'),
(275, 'Laura.Neal@email.com', 'Primary'),
(276, 'Jasmine.Nelson@email.com', 'Primary'),
(277, 'Krystal.Rogers@email.com', 'Secondary'),
(278, 'Melissa.Walker@email.com', 'Secondary'),
(279, 'Tina.Stephens@email.com', 'Secondary'),
(280, 'Brian.Frank@email.com', 'Secondary'),
(281, 'Gregory.Liu@email.com', 'Secondary'),
(282, 'Renee.Williams@email.com', 'Secondary'),
(283, 'Anthony.Martinez@email.com', 'Secondary'),
(284, 'Paige.Matthews@email.com', 'Secondary'),
(285, 'Stephen.Russell@email.com', 'Secondary'),
(286, 'Christopher.Little@email.com', 'Secondary'),
(287, 'Calvin.Miller@email.com', 'Primary'),
(288, 'Tami.Choi@email.com', 'Primary'),
(289, 'George.Villegas@email.com', 'Secondary'),
(290, 'Ricky.Wyatt@email.com', 'Primary'),
(291, 'Catherine.Benton@email.com', 'Secondary'),
(292, 'Laurie.Frye@email.com', 'Secondary'),
(293, 'Leah.Krause@email.com', 'Primary'),
(294, 'Steven.Mason@email.com', 'Secondary'),
(295, 'Kyle.Brown@email.com', 'Primary'),
(296, 'Anthony.Hood@email.com', 'Secondary'),
(297, 'Derrick.Diaz@email.com', 'Primary'),
(298, 'Charles.Cooper@email.com', 'Secondary'),
(299, 'Michael.Hardy@email.com', 'Secondary'),
(300, 'Kendra.Walls@email.com', 'Secondary'),
(301, 'Jorge.Powell@email.com', 'Primary'),
(302, 'John.Klein@email.com', 'Primary'),
(303, 'Matthew.Le@email.com', 'Secondary'),
(304, 'Joseph.Butler@email.com', 'Secondary'),
(305, 'Jessica.French@email.com', 'Secondary'),
(306, 'Spencer.Gonzalez@email.com', 'Secondary'),
(307, 'Joshua.Moore@email.com', 'Primary'),
(308, 'Jason.Wagner@email.com', 'Primary'),
(309, 'Toni.Wright@email.com', 'Primary'),
(310, 'Anthony.Douglas@email.com', 'Secondary'),
(311, 'Vanessa.Nelson@email.com', 'Primary'),
(312, 'Samantha.Smith@email.com', 'Primary'),
(313, 'Gabriel.Nielsen@email.com', 'Secondary'),
(314, 'Jessica.Clay@email.com', 'Primary'),
(315, 'Shannon.Haynes@email.com', 'Secondary'),
(316, 'Curtis.Walsh@email.com', 'Primary'),
(317, 'James.Vaughn@email.com', 'Primary'),
(318, 'Natalie.Hanson@email.com', 'Secondary'),
(319, 'Colleen.Good@email.com', 'Primary'),
(320, 'Phillip.Allen@email.com', 'Secondary'),
(321, 'Ashley.Whitney@email.com', 'Secondary'),
(322, 'Willie.Ritter@email.com', 'Primary'),
(323, 'Rebecca.Jimenez@email.com', 'Secondary'),
(324, 'Stephen.Skinner@email.com', 'Primary'),
(325, 'Misty.Wood@email.com', 'Secondary'),
(326, 'Brian.Lawrence@email.com', 'Secondary'),
(327, 'Christina.Daniel@email.com', 'Primary'),
(328, 'Chloe.Young@email.com', 'Primary'),
(329, 'Heather.Hinton@email.com', 'Primary'),
(330, 'Deanna.Hurst@email.com', 'Primary'),
(331, 'Glenn.Barnett@email.com', 'Secondary'),
(332, 'Carlos.Bennett@email.com', 'Secondary'),
(333, 'Wendy.Yu@email.com', 'Primary'),
(334, 'Michael.Roberts@email.com', 'Primary'),
(335, 'Sherri.Ross@email.com', 'Primary'),
(336, 'Rodney.Smith@email.com', 'Primary'),
(337, 'Deborah.Robinson@email.com', 'Secondary'),
(338, 'Brenda.Morse@email.com', 'Primary'),
(339, 'Bryan.Combs@email.com', 'Secondary'),
(340, 'Gregory.Pearson@email.com', 'Secondary'),
(341, 'Antonio.Bruce@email.com', 'Primary'),
(342, 'Susan.Garza@email.com', 'Primary'),
(343, 'Samuel.Hood@email.com', 'Secondary'),
(344, 'Michael.Baker@email.com', 'Secondary'),
(345, 'Kevin.Brown@email.com', 'Secondary'),
(346, 'Keith.Salas@email.com', 'Secondary'),
(347, 'Bonnie.Knapp@email.com', 'Secondary'),
(348, 'Kathryn.Flynn@email.com', 'Secondary'),
(349, 'Vanessa.Vance@email.com', 'Primary'),
(350, 'Linda.Lin@email.com', 'Primary'),
(351, 'Tina.Scott@email.com', 'Secondary'),
(352, 'Brittany.Ramsey@email.com', 'Secondary'),
(353, 'Jody.Mejia@email.com', 'Secondary'),
(354, 'Michelle.Scott@email.com', 'Secondary'),
(355, 'Jamie.Rasmussen@email.com', 'Primary'),
(356, 'Darlene.Joseph@email.com', 'Secondary'),
(357, 'Jason.Stout@email.com', 'Secondary'),
(358, 'Christopher.Hanson@email.com', 'Primary'),
(359, 'James.Reeves@email.com', 'Secondary'),
(360, 'John.Walters@email.com', 'Primary'),
(361, 'Paul.Moss@email.com', 'Primary'),
(362, 'Stephanie.Ruiz@email.com', 'Secondary'),
(363, 'Rebecca.Alexander@email.com', 'Secondary'),
(364, 'Lisa.Barnett@email.com', 'Secondary'),
(365, 'Tanya.Gonzalez@email.com', 'Primary'),
(366, 'Michael.Mullins@email.com', 'Primary'),
(367, 'Toni.Morris@email.com', 'Primary'),
(368, 'David.Young@email.com', 'Secondary'),
(369, 'Sherry.Wiggins@email.com', 'Primary'),
(370, 'Christopher.Brandt@email.com', 'Secondary'),
(371, 'Elizabeth.Guerra@email.com', 'Primary'),
(372, 'Tara.Thompson@email.com', 'Secondary'),
(373, 'Paula.Marshall@email.com', 'Secondary'),
(374, 'Alyssa.Dawson@email.com', 'Primary'),
(375, 'Daniel.Walker@email.com', 'Primary'),
(376, 'Christina.Delgado@email.com', 'Secondary'),
(377, 'Monica.Smith@email.com', 'Primary'),
(378, 'Brian.Peterson@email.com', 'Secondary'),
(379, 'Kristen.Ferguson@email.com', 'Primary'),
(380, 'Sharon.Gutierrez@email.com', 'Secondary'),
(381, 'Donald.Roberts@email.com', 'Primary'),
(382, 'Vincent.Thomas@email.com', 'Secondary'),
(383, 'Jackie.Tran@email.com', 'Secondary'),
(384, 'James.Andersen@email.com', 'Primary'),
(385, 'Juan.Trujillo@email.com', 'Secondary'),
(386, 'Jonathan.Mckay@email.com', 'Primary'),
(387, 'Leon.Cohen@email.com', 'Primary'),
(388, 'Amber.Huffman@email.com', 'Primary'),
(389, 'Dawn.Henry@email.com', 'Secondary'),
(390, 'Miguel.Patrick@email.com', 'Primary'),
(391, 'Vickie.Clarke@email.com', 'Secondary'),
(392, 'Leonard.Clark@email.com', 'Primary'),
(393, 'Anthony.Turner@email.com', 'Secondary'),
(394, 'James.Leonard@email.com', 'Primary'),
(395, 'Aaron.Kerr@email.com', 'Secondary'),
(396, 'Robin.Santiago@email.com', 'Primary'),
(397, 'Robert.Osborne@email.com', 'Primary'),
(398, 'Jaclyn.Brown@email.com', 'Secondary'),
(399, 'Kevin.Austin@email.com', 'Secondary'),
(400, 'Kathleen.Hays@email.com', 'Primary'),
(401, 'Zachary.Rios@email.com', 'Secondary'),
(402, 'Denise.Jimenez@email.com', 'Secondary'),
(403, 'Barbara.Clark@email.com', 'Primary'),
(404, 'Bailey.Garrison@email.com', 'Secondary'),
(405, 'Mark.Thomas@email.com', 'Secondary'),
(406, 'Melissa.Wright@email.com', 'Secondary'),
(407, 'Kenneth.Hill@email.com', 'Secondary'),
(408, 'Kathleen.Davis@email.com', 'Primary'),
(409, 'Larry.Hall@email.com', 'Primary'),
(410, 'Beverly.Smith@email.com', 'Primary'),
(411, 'Linda.Flowers@email.com', 'Primary'),
(412, 'Christine.Taylor@email.com', 'Primary'),
(413, 'Michael.Mullen@email.com', 'Secondary'),
(414, 'Wesley.Miller@email.com', 'Primary'),
(415, 'Brian.Thomas@email.com', 'Secondary'),
(416, 'Keith.Spencer@email.com', 'Primary'),
(417, 'Christina.Ramirez@email.com', 'Primary'),
(418, 'Steven.Dyer@email.com', 'Secondary'),
(419, 'Aaron.Bowman@email.com', 'Primary'),
(420, 'Michael.Anderson@email.com', 'Secondary'),
(421, 'Crystal.Summers@email.com', 'Primary'),
(422, 'Christina.Mayer@email.com', 'Secondary'),
(423, 'Jack.Lane@email.com', 'Secondary'),
(424, 'Sarah.Adams@email.com', 'Secondary'),
(425, 'Zachary.Johnson@email.com', 'Secondary'),
(426, 'Brian.Bowen@email.com', 'Secondary'),
(427, 'Nicole.Riddle@email.com', 'Secondary'),
(428, 'Bryan.Rivera@email.com', 'Primary'),
(429, 'Sarah.Hull@email.com', 'Secondary'),
(430, 'Nancy.Bishop@email.com', 'Secondary'),
(431, 'Matthew.Sellers@email.com', 'Secondary'),
(432, 'Angela.Jones@email.com', 'Primary'),
(433, 'Latoya.Wood@email.com', 'Secondary'),
(434, 'Jay.Weiss@email.com', 'Primary'),
(435, 'Michael.Morgan@email.com', 'Primary'),
(436, 'Lisa.Schmidt@email.com', 'Primary'),
(437, 'Colleen.Moore@email.com', 'Secondary'),
(438, 'Anthony.Hampton@email.com', 'Primary'),
(439, 'Gabrielle.Le@email.com', 'Secondary'),
(440, 'Julie.Francis@email.com', 'Primary'),
(441, 'Clinton.Nicholson@email.com', 'Secondary'),
(442, 'Colleen.Anthony@email.com', 'Secondary'),
(443, 'Dean.Stephens@email.com', 'Primary'),
(444, 'Tiffany.Allen@email.com', 'Primary'),
(445, 'Kathleen.Green@email.com', 'Secondary'),
(446, 'Nicole.Reed@email.com', 'Primary'),
(447, 'Patrick.Cook@email.com', 'Primary'),
(448, 'Nichole.Flynn@email.com', 'Secondary'),
(449, 'Rachael.Carpenter@email.com', 'Secondary'),
(450, 'Amy.Andrews@email.com', 'Secondary'),
(451, 'Crystal.Patrick@email.com', 'Primary'),
(452, 'Ruben.Jordan@email.com', 'Primary'),
(453, 'Michael.Rodriguez@email.com', 'Secondary'),
(454, 'James.Smith@email.com', 'Secondary'),
(455, 'Heather.West@email.com', 'Primary'),
(456, 'Jeremy.Lambert@email.com', 'Secondary'),
(457, 'Jonathan.Sanders@email.com', 'Secondary'),
(458, 'Stephen.Bishop@email.com', 'Secondary'),
(459, 'Carl.Hunt@email.com', 'Primary'),
(460, 'Deanna.Brown@email.com', 'Primary'),
(461, 'Kevin.Luna@email.com', 'Secondary'),
(462, 'Jennifer.Casey@email.com', 'Primary'),
(463, 'Dawn.Calderon@email.com', 'Primary'),
(464, 'Chase.Patel@email.com', 'Secondary'),
(465, 'James.Hanson@email.com', 'Secondary'),
(466, 'Joseph.Manning@email.com', 'Primary'),
(467, 'Kari.Hall@email.com', 'Secondary'),
(468, 'Jessica.Bush@email.com', 'Secondary'),
(469, 'Michael.Turner@email.com', 'Primary'),
(470, 'Debra.Harrington@email.com', 'Secondary'),
(471, 'Suzanne.Wall@email.com', 'Secondary'),
(472, 'Kimberly.Bolton@email.com', 'Primary'),
(473, 'Emily.Clayton@email.com', 'Primary'),
(474, 'Angelica.Ford@email.com', 'Primary'),
(475, 'Veronica.Edwards@email.com', 'Secondary'),
(476, 'Gary.Henry@email.com', 'Secondary'),
(477, 'Larry.Dalton@email.com', 'Primary'),
(478, 'Michael.Roberts@email.com', 'Primary'),
(479, 'Ashley.Gordon@email.com', 'Secondary'),
(480, 'Dawn.Kelly@email.com', 'Secondary'),
(481, 'Katrina.Weiss@email.com', 'Primary'),
(482, 'Karen.Prince@email.com', 'Primary'),
(483, 'Andrew.Arias@email.com', 'Secondary'),
(484, 'Sarah.Hess@email.com', 'Primary'),
(485, 'Anthony.West@email.com', 'Primary'),
(486, 'Tammy.Jenkins@email.com', 'Primary'),
(487, 'John.Peters@email.com', 'Primary'),
(488, 'Christina.Lopez@email.com', 'Primary'),
(489, 'John.Cox@email.com', 'Primary'),
(490, 'Peggy.Sanders@email.com', 'Primary'),
(491, 'Christopher.Newton@email.com', 'Primary'),
(492, 'Theresa.Valdez@email.com', 'Primary'),
(493, 'Cory.Wright@email.com', 'Secondary'),
(494, 'James.Brock@email.com', 'Secondary'),
(495, 'Hailey.Bradley@email.com', 'Primary'),
(496, 'Ana.Buck@email.com', 'Primary'),
(497, 'Jessica.Brewer@email.com', 'Primary'),
(498, 'Bonnie.Schneider@email.com', 'Primary'),
(499, 'Jane.Thomas@email.com', 'Secondary'),
(500, 'Christopher.Martin@email.com', 'Primary');

INSERT INTO INVOICE (invoice_id, invoice_date, invoice_status) VALUES
(1, '2024-05-27', 'Unpaid'),
(2, '2025-03-03', 'Processing'),
(3, '2024-09-03', 'Processing'),
(4, '2023-09-15', 'Unpaid'),
(5, '2023-07-29', 'Unpaid'),
(6, '2024-07-22', 'Processing'),
(7, '2023-05-05', 'Paid'),
(8, '2024-02-09', 'Paid'),
(9, '2025-03-01', 'Processing'),
(10, '2024-10-10', 'Processing'),
(11, '2024-01-28', 'Processing'),
(12, '2023-09-16', 'Unpaid'),
(13, '2024-09-08', 'Processing'),
(14, '2024-10-24', 'Processing'),
(15, '2024-01-26', 'Paid'),
(16, '2024-02-10', 'Processing'),
(17, '2024-10-12', 'Processing'),
(18, '2025-02-13', 'Paid'),
(19, '2023-06-27', 'Unpaid'),
(20, '2024-10-19', 'Unpaid'),
(21, '2023-05-12', 'Paid'),
(22, '2023-05-15', 'Unpaid'),
(23, '2024-11-12', 'Processing'),
(24, '2024-12-08', 'Paid'),
(25, '2024-02-16', 'Processing'),
(26, '2024-10-23', 'Processing'),
(27, '2023-12-16', 'Paid'),
(28, '2024-05-18', 'Processing'),
(29, '2024-09-04', 'Paid'),
(30, '2024-10-17', 'Paid'),
(31, '2024-02-17', 'Paid'),
(32, '2023-12-30', 'Unpaid'),
(33, '2023-09-18', 'Paid'),
(34, '2025-03-11', 'Processing'),
(35, '2024-05-02', 'Unpaid'),
(36, '2023-06-25', 'Paid'),
(37, '2024-03-25', 'Processing'),
(38, '2023-05-13', 'Unpaid'),
(39, '2023-05-19', 'Paid'),
(40, '2025-03-21', 'Paid'),
(41, '2025-01-09', 'Unpaid'),
(42, '2024-01-12', 'Paid'),
(43, '2025-02-14', 'Paid'),
(44, '2024-10-11', 'Unpaid'),
(45, '2024-03-06', 'Paid'),
(46, '2024-10-10', 'Processing'),
(47, '2025-01-27', 'Paid'),
(48, '2023-05-19', 'Unpaid'),
(49, '2023-04-24', 'Processing'),
(50, '2025-01-13', 'Processing'),
(51, '2024-03-27', 'Paid'),
(52, '2024-12-30', 'Processing'),
(53, '2024-06-03', 'Paid'),
(54, '2024-10-01', 'Processing'),
(55, '2024-04-09', 'Unpaid'),
(56, '2025-01-26', 'Processing'),
(57, '2025-04-07', 'Paid'),
(58, '2024-03-12', 'Unpaid'),
(59, '2023-08-20', 'Paid'),
(60, '2024-08-04', 'Processing'),
(61, '2023-08-15', 'Paid'),
(62, '2023-08-24', 'Unpaid'),
(63, '2024-09-19', 'Processing'),
(64, '2025-03-23', 'Processing'),
(65, '2023-07-21', 'Paid'),
(66, '2024-11-09', 'Unpaid'),
(67, '2024-09-07', 'Paid'),
(68, '2025-03-16', 'Paid'),
(69, '2024-03-15', 'Unpaid'),
(70, '2025-03-24', 'Paid'),
(71, '2023-12-13', 'Processing'),
(72, '2024-06-14', 'Unpaid'),
(73, '2024-12-17', 'Processing'),
(74, '2023-08-26', 'Processing'),
(75, '2024-04-08', 'Processing'),
(76, '2023-08-24', 'Processing'),
(77, '2024-02-10', 'Processing'),
(78, '2023-08-31', 'Unpaid'),
(79, '2024-10-24', 'Unpaid'),
(80, '2023-05-22', 'Processing'),
(81, '2025-04-05', 'Unpaid'),
(82, '2025-03-17', 'Unpaid'),
(83, '2024-04-02', 'Unpaid'),
(84, '2023-11-03', 'Processing'),
(85, '2023-04-15', 'Paid'),
(86, '2024-10-11', 'Paid'),
(87, '2024-01-26', 'Paid'),
(88, '2025-03-05', 'Processing'),
(89, '2023-06-05', 'Paid'),
(90, '2024-11-11', 'Paid'),
(91, '2023-11-01', 'Paid'),
(92, '2024-10-27', 'Processing'),
(93, '2023-12-09', 'Unpaid'),
(94, '2024-12-24', 'Paid'),
(95, '2024-10-16', 'Processing'),
(96, '2024-11-15', 'Paid'),
(97, '2023-09-19', 'Processing'),
(98, '2023-11-10', 'Processing'),
(99, '2024-08-14', 'Processing'),
(100, '2023-12-01', 'Unpaid');

INSERT INTO COMPANY (company_id, company_name, company_type) VALUES
(1, 'White Inc', 'Automotive'),
(2, 'Ryan, Smith and Williams', 'Retail'),
(3, 'Ruiz, Rogers and Elliott', 'Real Estate'),
(4, 'Marquez PLC', 'Retail'),
(5, 'Morgan-Wade', 'Energy'),
(6, 'Zuniga-Bell', 'Automotive'),
(7, 'Potter LLC', 'Pharmaceuticals'),
(8, 'Powers, Mccarthy and Rogers', 'Pharmaceuticals'),
(9, 'Graham, James and Taylor', 'Real Estate'),
(10, 'Jensen-Jordan', 'Pharmaceuticals'),
(11, 'Yang-Chavez', 'Hospitality'),
(12, 'Harris-Ramirez', 'Energy'),
(13, 'Ware-Robinson', 'Real Estate'),
(14, 'Blair-Rojas', 'Finance'),
(15, 'Roberts-Acevedo', 'Hospitality'),
(16, 'Brown and Sons', 'Energy'),
(17, 'Hill, Duffy and Hutchinson', 'Energy'),
(18, 'Barnes-Gaines', 'Real Estate'),
(19, 'Shepard-Jones', 'Automotive'),
(20, 'Escobar-Coleman', 'Manufacturing'),
(21, 'Rodriguez PLC', 'Finance'),
(22, 'Hudson, Ramirez and Medina', 'Transportation'),
(23, 'Ortiz-Pierce', 'Telecommunications'),
(24, 'Jenkins-Trevino', 'Healthcare'),
(25, 'Berry, Conley and Brandt', 'Retail'),
(26, 'Mullins, Anderson and Miller', 'Technology'),
(27, 'Price, Thomas and Kim', 'Education'),
(28, 'Hill, Irwin and Bolton', 'Healthcare'),
(29, 'Berg-Webb', 'Healthcare'),
(30, 'Prince, Holmes and Gonzalez', 'Healthcare'),
(31, 'Jones, Merritt and Williamson', 'Education'),
(32, 'Tucker-Stokes', 'Real Estate'),
(33, 'Allen, Evans and Taylor', 'Transportation'),
(34, 'Walsh-Garcia', 'Education'),
(35, 'Orozco and Sons', 'Pharmaceuticals'),
(36, 'Allen, Rodriguez and Dunn', 'Healthcare'),
(37, 'Wagner, Johnson and Price', 'Energy'),
(38, 'Henderson and Sons', 'Transportation'),
(39, 'Odonnell, Hoffman and Romero', 'Transportation'),
(40, 'Kline Ltd', 'Transportation'),
(41, 'Bishop-Carroll', 'Entertainment'),
(42, 'Ramirez-Miller', 'Telecommunications'),
(43, 'Mason, Taylor and Stark', 'Finance'),
(44, 'Brady, Sanders and Hill', 'Real Estate'),
(45, 'Daniel Ltd', 'Pharmaceuticals'),
(46, 'Smith, Snyder and Whitaker', 'Pharmaceuticals'),
(47, 'Webb LLC', 'Finance'),
(48, 'Carlson, Kidd and Calhoun', 'Energy'),
(49, 'Copeland and Sons', 'Manufacturing'),
(50, 'Hill, Tran and Miller', 'Retail');

INSERT INTO REGION (region_id, region_type_id, region_name) VALUES
(1, 1, 'Alabama'),
(2, 1, 'Alaska'),
(3, 1, 'Arizona'),
(4, 1, 'Arkansas'),
(5, 1, 'California'),
(6, 1, 'Colorado'),
(7, 1, 'Connecticut'),
(8, 1, 'Delaware'),
(9, 1, 'Florida'),
(10, 1, 'Georgia'),
(11, 1, 'Hawaii'),
(12, 1, 'Idaho'),
(13, 1, 'Illinois'),
(14, 1, 'Indiana'),
(15, 1, 'Iowa'),
(16, 1, 'Kansas'),
(17, 1, 'Kentucky'),
(18, 1, 'Louisiana'),
(19, 1, 'Maine'),
(20, 1, 'Maryland'),
(21, 1, 'Massachusetts'),
(22, 1, 'Michigan'),
(23, 1, 'Minnesota'),
(24, 1, 'Mississippi'),
(25, 1, 'Missouri'),
(26, 1, 'Montana'),
(27, 1, 'Nebraska'),
(28, 1, 'Nevada'),
(29, 1, 'New Hampshire'),
(30, 1, 'New Jersey'),
(31, 1, 'New Mexico'),
(32, 1, 'New York'),
(33, 1, 'North Carolina'),
(34, 1, 'North Dakota'),
(35, 1, 'Ohio'),
(36, 1, 'Oklahoma'),
(37, 1, 'Oregon'),
(38, 1, 'Pennsylvania'),
(39, 1, 'Rhode Island'),
(40, 1, 'South Carolina'),
(41, 1, 'South Dakota'),
(42, 1, 'Tennessee'),
(43, 1, 'Texas'),
(44, 1, 'Utah'),
(45, 1, 'Vermont'),
(46, 1, 'Virginia'),
(47, 1, 'Washington'),
(48, 1, 'West Virginia'),
(49, 1, 'Wisconsin'),
(50, 1, 'Wyoming'),
(51, 2, 'Hokkaido'),
(52, 2, 'Aomori'),
(53, 2, 'Iwate'),
(54, 2, 'Miyagi'),
(55, 2, 'Akita'),
(56, 2, 'Yamagata'),
(57, 2, 'Fukushima'),
(58, 2, 'Ibaraki'),
(59, 2, 'Tochigi'),
(60, 2, 'Gunma'),
(61, 2, 'Saitama'),
(62, 2, 'Chiba'),
(63, 2, 'Tokyo'),
(64, 2, 'Kanagawa'),
(65, 2, 'Niigata'),
(66, 2, 'Toyama'),
(67, 2, 'Ishikawa'),
(68, 2, 'Fukui'),
(69, 2, 'Yamanashi'),
(70, 2, 'Nagano'),
(71, 2, 'Gifu'),
(72, 2, 'Shizuoka'),
(73, 2, 'Aichi'),
(74, 2, 'Mie'),
(75, 2, 'Shiga'),
(76, 2, 'Kyoto'),
(77, 2, 'Osaka'),
(78, 2, 'Hyogo'),
(79, 2, 'Nara'),
(80, 2, 'Wakayama'),
(81, 2, 'Tottori'),
(82, 2, 'Shimane'),
(83, 2, 'Okayama'),
(84, 2, 'Hiroshima'),
(85, 2, 'Yamaguchi'),
(86, 2, 'Tokushima'),
(87, 2, 'Kagawa'),
(88, 2, 'Ehime'),
(89, 2, 'Kochi'),
(90, 2, 'Fukuoka'),
(91, 2, 'Saga'),
(92, 2, 'Nagasaki'),
(93, 2, 'Kumamoto'),
(94, 2, 'Oita'),
(95, 2, 'Miyazaki'),
(96, 2, 'Kagoshima'),
(97, 2, 'Okinawa'),
(98, 3, 'Buenos Aires'),
(99, 3, 'Buenos Aires Province'),
(100, 3, 'Catamarca'),
(101, 3, 'Chaco'),
(102, 3, 'Chubut'),
(103, 3, 'Crdoba'),
(104, 3, 'Corrientes'),
(105, 3, 'Entre Ros'),
(106, 3, 'Formosa'),
(107, 3, 'Jujuy'),
(108, 3, 'La Pampa'),
(109, 3, 'La Rioja'),
(110, 3, 'Mendoza'),
(111, 3, 'Misiones'),
(112, 3, 'Neuqun'),
(113, 3, 'Ro Negro'),
(114, 3, 'Salta'),
(115, 3, 'San Juan'),
(116, 3, 'San Luis'),
(117, 3, 'Santa Cruz'),
(118, 3, 'Santa Fe'),
(119, 3, 'Santiago del Estero'),
(120, 3, 'Tierra del Fuego'),
(121, 3, 'Tucumn');

ALTER TABLE REGION ADD COLUMN country_id INT;
UPDATE REGION
SET country_id = CASE
    WHEN region_type_id = 1 THEN 1 
    WHEN region_type_id = 2 THEN 2 
    WHEN region_type_id = 3 THEN 3
    ELSE NULL
END;

ALTER TABLE REGION ADD CONSTRAINT fk_region_country FOREIGN KEY (country_id) REFERENCES COUNTRY (country_id);
INSERT INTO EMPLOYEE (employee_id, department_id, person_id, hire_date) VALUES
(1, 8, 198, '2022-07-12'),
(2, 5, 76, '2024-01-27'),
(3, 6, 97, '2024-07-29'),
(4, 4, 215, '2022-10-18'),
(5, 1, 239, '2024-07-18'),
(6, 10, 155, '2021-08-05'),
(7, 6, 88, '2024-08-02'),
(8, 10, 5, '2022-04-01'),
(9, 9, 159, '2021-07-17'),
(10, 1, 147, '2023-11-23'),
(11, 10, 47, '2023-07-31'),
(12, 9, 181, '2020-11-11'),
(13, 8, 46, '2022-04-12'),
(14, 9, 187, '2024-06-27'),
(15, 9, 141, '2024-02-29'),
(16, 10, 49, '2024-05-17'),
(17, 5, 15, '2024-10-19'),
(18, 8, 124, '2022-04-19'),
(19, 8, 201, '2020-09-14'),
(20, 7, 129, '2023-02-06'),
(21, 6, 65, '2024-01-25'),
(22, 1, 9, '2022-05-02'),
(23, 10, 18, '2024-01-13'),
(24, 3, 117, '2021-07-19'),
(25, 10, 145, '2024-06-29'),
(26, 5, 200, '2023-03-26'),
(27, 10, 207, '2024-09-22'),
(28, 4, 225, '2023-04-23'),
(29, 4, 51, '2022-05-28'),
(30, 10, 165, '2023-10-19'),
(31, 7, 194, '2022-08-03'),
(32, 5, 64, '2021-10-03'),
(33, 4, 128, '2023-12-18'),
(34, 8, 249, '2020-08-18'),
(35, 5, 70, '2022-09-10'),
(36, 1, 230, '2022-03-28'),
(37, 8, 105, '2020-04-22'),
(38, 8, 157, '2022-03-05'),
(39, 2, 224, '2024-08-03'),
(40, 9, 89, '2025-03-30'),
(41, 3, 20, '2025-01-24'),
(42, 8, 55, '2023-06-20'),
(43, 5, 199, '2022-09-22'),
(44, 2, 118, '2022-11-04'),
(45, 10, 14, '2020-04-25'),
(46, 4, 192, '2024-01-26'),
(47, 8, 69, '2022-09-22'),
(48, 8, 13, '2023-01-08'),
(49, 3, 243, '2021-08-01'),
(50, 6, 240, '2024-06-21'),
(51, 8, 127, '2021-08-17'),
(52, 6, 3, '2025-02-22'),
(53, 7, 221, '2020-12-05'),
(54, 7, 123, '2022-12-12'),
(55, 7, 10, '2021-06-15'),
(56, 4, 232, '2024-06-23'),
(57, 1, 228, '2020-12-20'),
(58, 7, 98, '2024-09-05'),
(59, 1, 40, '2023-12-20'),
(60, 7, 131, '2023-11-22'),
(61, 6, 83, '2023-01-16'),
(62, 4, 149, '2021-01-22'),
(63, 10, 37, '2024-05-04'),
(64, 3, 54, '2024-01-05'),
(65, 2, 91, '2024-12-10'),
(66, 9, 35, '2022-06-14'),
(67, 8, 113, '2023-04-14'),
(68, 7, 184, '2020-04-24'),
(69, 1, 72, '2024-12-07'),
(70, 3, 234, '2021-01-19'),
(71, 5, 94, '2020-12-30'),
(72, 5, 162, '2023-04-03'),
(73, 10, 90, '2021-02-15'),
(74, 8, 38, '2021-10-06'),
(75, 9, 220, '2023-01-07'),
(76, 6, 53, '2025-01-11'),
(77, 9, 177, '2020-08-27'),
(78, 9, 178, '2020-08-17'),
(79, 9, 190, '2022-07-14'),
(80, 7, 233, '2022-10-05'),
(81, 9, 75, '2021-11-05'),
(82, 9, 50, '2023-02-12'),
(83, 6, 219, '2024-04-19'),
(84, 8, 135, '2024-11-07'),
(85, 7, 114, '2023-11-14'),
(86, 10, 148, '2023-05-06'),
(87, 6, 62, '2021-02-12'),
(88, 3, 246, '2024-09-22'),
(89, 5, 31, '2025-03-15'),
(90, 5, 106, '2021-10-14'),
(91, 4, 151, '2024-03-21'),
(92, 6, 44, '2024-10-06'),
(93, 1, 213, '2021-12-13'),
(94, 1, 17, '2021-10-13'),
(95, 3, 93, '2021-01-03'),
(96, 5, 28, '2020-12-01'),
(97, 6, 101, '2023-12-29'),
(98, 9, 223, '2022-06-30'),
(99, 4, 78, '2022-04-13'),
(100, 4, 195, '2024-01-31'),
(101, 3, 171, '2023-01-10'),
(102, 1, 216, '2024-12-27'),
(103, 5, 73, '2024-12-25'),
(104, 2, 108, '2024-10-25'),
(105, 5, 121, '2021-01-23'),
(106, 2, 139, '2025-02-15'),
(107, 2, 100, '2024-03-25'),
(108, 3, 79, '2024-05-27'),
(109, 2, 19, '2022-04-11'),
(110, 4, 32, '2022-10-16'),
(111, 7, 60, '2023-05-10'),
(112, 4, 4, '2024-06-21'),
(113, 3, 193, '2020-11-12'),
(114, 7, 82, '2022-11-12'),
(115, 5, 214, '2020-05-01'),
(116, 2, 99, '2024-08-09'),
(117, 1, 160, '2024-03-02'),
(118, 8, 166, '2023-04-16'),
(119, 4, 52, '2022-10-27'),
(120, 2, 163, '2022-05-28'),
(121, 9, 110, '2021-09-08'),
(122, 3, 96, '2022-08-23'),
(123, 5, 188, '2023-11-23'),
(124, 4, 58, '2023-07-23'),
(125, 2, 43, '2022-09-01'),
(126, 3, 80, '2020-12-12'),
(127, 10, 143, '2020-08-24'),
(128, 5, 34, '2021-07-08'),
(129, 10, 86, '2024-05-24'),
(130, 8, 36, '2022-08-07'),
(131, 5, 138, '2022-03-08'),
(132, 7, 235, '2023-04-01'),
(133, 10, 42, '2022-10-19'),
(134, 8, 57, '2021-02-22'),
(135, 4, 26, '2022-01-14'),
(136, 3, 197, '2022-04-27'),
(137, 3, 180, '2023-05-15'),
(138, 9, 41, '2023-01-15'),
(139, 8, 136, '2020-09-22'),
(140, 4, 196, '2025-01-28'),
(141, 8, 33, '2024-12-05'),
(142, 10, 107, '2022-09-28'),
(143, 1, 189, '2020-10-15'),
(144, 6, 161, '2022-03-04'),
(145, 6, 12, '2020-05-20'),
(146, 7, 63, '2022-11-16'),
(147, 1, 77, '2024-02-15'),
(148, 8, 218, '2021-11-06'),
(149, 6, 61, '2020-04-16'),
(150, 3, 21, '2023-05-07'),
(151, 7, 238, '2021-02-07'),
(152, 9, 179, '2024-07-21'),
(153, 5, 132, '2024-08-19'),
(154, 3, 222, '2022-12-01'),
(155, 9, 71, '2023-11-04'),
(156, 7, 236, '2024-12-10'),
(157, 6, 11, '2021-02-28'),
(158, 2, 85, '2020-12-17'),
(159, 1, 24, '2024-08-04'),
(160, 4, 16, '2024-02-19'),
(161, 1, 137, '2020-06-06'),
(162, 4, 206, '2021-09-14'),
(163, 1, 56, '2024-03-18'),
(164, 2, 248, '2023-12-15'),
(165, 6, 87, '2024-08-29'),
(166, 10, 231, '2022-01-25'),
(167, 3, 211, '2023-08-18'),
(168, 6, 142, '2022-03-13'),
(169, 5, 170, '2020-08-09'),
(170, 2, 150, '2023-10-23'),
(171, 1, 185, '2020-12-23'),
(172, 4, 120, '2020-11-12'),
(173, 5, 152, '2024-03-08'),
(174, 7, 2, '2021-07-01'),
(175, 7, 130, '2021-06-25'),
(176, 3, 140, '2024-12-13'),
(177, 8, 241, '2021-01-31'),
(178, 9, 109, '2022-11-23'),
(179, 4, 203, '2022-01-29'),
(180, 2, 39, '2022-10-16'),
(181, 2, 125, '2024-02-18'),
(182, 5, 172, '2024-02-28'),
(183, 5, 25, '2024-09-25'),
(184, 1, 154, '2021-05-27'),
(185, 3, 95, '2022-11-26'),
(186, 3, 175, '2022-01-01'),
(187, 9, 6, '2022-03-17'),
(188, 9, 209, '2020-04-13'),
(189, 2, 122, '2023-06-29'),
(190, 7, 245, '2023-08-18'),
(191, 1, 45, '2022-01-31'),
(192, 6, 217, '2023-12-17'),
(193, 4, 67, '2022-10-18'),
(194, 7, 126, '2023-08-04'),
(195, 3, 84, '2021-03-09'),
(196, 2, 205, '2021-11-16'),
(197, 10, 30, '2021-03-29'),
(198, 6, 226, '2021-08-03'),
(199, 1, 23, '2020-07-22'),
(200, 6, 247, '2023-11-02'),
(201, 6, 1, '2024-09-08'),
(202, 10, 167, '2022-03-22'),
(203, 8, 173, '2024-01-17'),
(204, 5, 153, '2023-12-17'),
(205, 2, 156, '2022-02-19'),
(206, 7, 134, '2025-01-11'),
(207, 8, 48, '2022-01-27'),
(208, 6, 27, '2022-10-15'),
(209, 6, 227, '2020-06-21'),
(210, 1, 29, '2023-04-30'),
(211, 10, 116, '2021-12-15'),
(212, 10, 229, '2024-11-07'),
(213, 4, 212, '2022-09-12'),
(214, 9, 144, '2025-03-20'),
(215, 9, 183, '2020-07-03'),
(216, 2, 208, '2020-10-09'),
(217, 2, 8, '2023-05-07'),
(218, 1, 22, '2020-11-19'),
(219, 6, 174, '2020-09-07'),
(220, 9, 250, '2025-02-26'),
(221, 7, 176, '2023-09-05'),
(222, 9, 111, '2022-01-03'),
(223, 1, 186, '2025-03-15'),
(224, 7, 119, '2022-09-23'),
(225, 2, 169, '2022-09-04'),
(226, 3, 68, '2022-05-04'),
(227, 1, 115, '2024-12-02'),
(228, 3, 242, '2022-06-07'),
(229, 10, 59, '2024-01-18'),
(230, 10, 81, '2021-02-07'),
(231, 1, 158, '2023-04-19'),
(232, 10, 112, '2021-03-20'),
(233, 5, 202, '2025-03-07'),
(234, 4, 102, '2023-04-04'),
(235, 3, 164, '2020-08-11'),
(236, 2, 74, '2022-12-01'),
(237, 3, 244, '2022-01-27'),
(238, 2, 7, '2022-07-18'),
(239, 2, 168, '2022-10-21'),
(240, 8, 146, '2021-11-21'),
(241, 4, 133, '2020-06-24'),
(242, 10, 66, '2021-03-09'),
(243, 8, 182, '2021-10-05'),
(244, 6, 103, '2025-04-05'),
(245, 7, 237, '2023-09-23'),
(246, 2, 191, '2025-01-23'),
(247, 7, 92, '2022-08-24'),
(248, 4, 204, '2021-09-29'),
(249, 9, 104, '2021-10-28'),
(250, 5, 210, '2022-12-31');

INSERT INTO CLIENT (client_id, person_id, company_id) VALUES
(1, 251, 9),
(2, 252, 28),
(3, 253, 47),
(4, 254, 14),
(5, 255, 18),
(6, 256, 41),
(7, 257, 23),
(8, 258, 48),
(9, 259, 44),
(10, 260, 24),
(11, 261, 32),
(12, 262, 11),
(13, 263, 10),
(14, 264, 28),
(15, 265, 48),
(16, 266, 45),
(17, 267, 4),
(18, 268, 35),
(19, 269, 19),
(20, 270, 43),
(21, 271, 37),
(22, 272, 42),
(23, 273, 8),
(24, 274, 22),
(25, 275, 1),
(26, 276, 43),
(27, 277, 12),
(28, 278, 9),
(29, 279, 20),
(30, 280, 24),
(31, 281, 1),
(32, 282, 9),
(33, 283, 2),
(34, 284, 15),
(35, 285, 30),
(36, 286, 23),
(37, 287, 12),
(38, 288, 48),
(39, 289, 20),
(40, 290, 32),
(41, 291, 45),
(42, 292, 5),
(43, 293, 25),
(44, 294, 9),
(45, 295, 15),
(46, 296, 2),
(47, 297, 39),
(48, 298, 4),
(49, 299, 6),
(50, 300, 17),
(51, 301, 25),
(52, 302, 27),
(53, 303, 41),
(54, 304, 35),
(55, 305, 46),
(56, 306, 12),
(57, 307, 41),
(58, 308, 34),
(59, 309, 22),
(60, 310, 32),
(61, 311, 12),
(62, 312, 19),
(63, 313, 45),
(64, 314, 8),
(65, 315, 31),
(66, 316, 11),
(67, 317, 38),
(68, 318, 18),
(69, 319, 20),
(70, 320, 17),
(71, 321, 2),
(72, 322, 25),
(73, 323, 5),
(74, 324, 33),
(75, 325, 35),
(76, 326, 14),
(77, 327, 19),
(78, 328, 34),
(79, 329, 37),
(80, 330, 48),
(81, 331, 24),
(82, 332, 24),
(83, 333, 23),
(84, 334, 40),
(85, 335, 1),
(86, 336, 40),
(87, 337, 27),
(88, 338, 36),
(89, 339, 17),
(90, 340, 29),
(91, 341, 50),
(92, 342, 19),
(93, 343, 27),
(94, 344, 24),
(95, 345, 37),
(96, 346, 4),
(97, 347, 45),
(98, 348, 34),
(99, 349, 17),
(100, 350, 38),
(101, 351, 44),
(102, 352, 47),
(103, 353, 28),
(104, 354, 16),
(105, 355, 34),
(106, 356, 30),
(107, 357, 11),
(108, 358, 15),
(109, 359, 43),
(110, 360, 38),
(111, 361, 32),
(112, 362, 49),
(113, 363, 36),
(114, 364, 31),
(115, 365, 7),
(116, 366, 28),
(117, 367, 13),
(118, 368, 18),
(119, 369, 42),
(120, 370, 38),
(121, 371, 5),
(122, 372, 9),
(123, 373, 24),
(124, 374, 31),
(125, 375, 4),
(126, 376, 20),
(127, 377, 10),
(128, 378, 20),
(129, 379, 50),
(130, 380, 21),
(131, 381, 39),
(132, 382, 7),
(133, 383, 39),
(134, 384, 20),
(135, 385, 24),
(136, 386, 14),
(137, 387, 45),
(138, 388, 14),
(139, 389, 45),
(140, 390, 26),
(141, 391, 21),
(142, 392, 5),
(143, 393, 3),
(144, 394, 13),
(145, 395, 9),
(146, 396, 40),
(147, 397, 14),
(148, 398, 32),
(149, 399, 48),
(150, 400, 14),
(151, 401, 32),
(152, 402, 29),
(153, 403, 46),
(154, 404, 38),
(155, 405, 17),
(156, 406, 5),
(157, 407, 41),
(158, 408, 29),
(159, 409, 6),
(160, 410, 16),
(161, 411, 19),
(162, 412, 32),
(163, 413, 46),
(164, 414, 26),
(165, 415, 6),
(166, 416, 8),
(167, 417, 1),
(168, 418, 39),
(169, 419, 3),
(170, 420, 12),
(171, 421, 22),
(172, 422, 32),
(173, 423, 5),
(174, 424, 11),
(175, 425, 43),
(176, 426, 26),
(177, 427, 28),
(178, 428, 29),
(179, 429, 7),
(180, 430, 17),
(181, 431, 40),
(182, 432, 7),
(183, 433, 29),
(184, 434, 34),
(185, 435, 43),
(186, 436, 9),
(187, 437, 10),
(188, 438, 10),
(189, 439, 50),
(190, 440, 15),
(191, 441, 8),
(192, 442, 21),
(193, 443, 19),
(194, 444, 5),
(195, 445, 13),
(196, 446, 22),
(197, 447, 26),
(198, 448, 46),
(199, 449, 18),
(200, 450, 14),
(201, 451, 49),
(202, 452, 7),
(203, 453, 31),
(204, 454, 34),
(205, 455, 45),
(206, 456, 31),
(207, 457, 40),
(208, 458, 34),
(209, 459, 21),
(210, 460, 28),
(211, 461, 14),
(212, 462, 31),
(213, 463, 45),
(214, 464, 42),
(215, 465, 18),
(216, 466, 34),
(217, 467, 39),
(218, 468, 34),
(219, 469, 50),
(220, 470, 28),
(221, 471, 18),
(222, 472, 43),
(223, 473, 5),
(224, 474, 8),
(225, 475, 42),
(226, 476, 6),
(227, 477, 30),
(228, 478, 19),
(229, 479, 39),
(230, 480, 18),
(231, 481, 6),
(232, 482, 46),
(233, 483, 40),
(234, 484, 4),
(235, 485, 21),
(236, 486, 43),
(237, 487, 3),
(238, 488, 35),
(239, 489, 19),
(240, 490, 48),
(241, 491, 24),
(242, 492, 43),
(243, 493, 38),
(244, 494, 16),
(245, 495, 26),
(246, 496, 50),
(247, 497, 34),
(248, 498, 36),
(249, 499, 25),
(250, 500, 23);

INSERT INTO TIMECARD (timecard_id, project_id, country_id, hours_worked) VALUES
(1, 63, 2, 10),
(2, 73, 3, 9),
(3, 54, 1, 11),
(4, 96, 1, 2),
(5, 91, 2, 8),
(6, 77, 3, 8),
(7, 74, 1, 6),
(8, 30, 3, 10),
(9, 70, 3, 3),
(10, 76, 2, 3),
(11, 53, 3, 3),
(12, 17, 1, 2),
(13, 24, 3, 12),
(14, 8, 2, 5),
(15, 40, 2, 9),
(16, 86, 1, 4),
(17, 57, 2, 9),
(18, 29, 1, 4),
(19, 94, 3, 1),
(20, 4, 3, 5),
(21, 56, 1, 9),
(22, 56, 3, 6),
(23, 52, 3, 5),
(24, 39, 1, 7),
(25, 94, 2, 5),
(26, 27, 2, 11),
(27, 24, 1, 4),
(28, 85, 1, 6),
(29, 74, 3, 3),
(30, 92, 3, 8),
(31, 29, 1, 5),
(32, 95, 3, 3),
(33, 16, 2, 3),
(34, 22, 2, 4),
(35, 21, 1, 11),
(36, 22, 2, 6),
(37, 55, 2, 11),
(38, 24, 3, 6),
(39, 44, 2, 7),
(40, 85, 1, 3),
(41, 56, 2, 8),
(42, 2, 2, 8),
(43, 20, 1, 3),
(44, 1, 3, 10),
(45, 23, 3, 7),
(46, 85, 1, 9),
(47, 63, 3, 6),
(48, 77, 1, 2),
(49, 70, 1, 12),
(50, 13, 3, 12),
(51, 31, 3, 10),
(52, 57, 3, 1),
(53, 60, 2, 5),
(54, 97, 1, 8),
(55, 20, 2, 3),
(56, 31, 2, 3),
(57, 32, 3, 12),
(58, 5, 3, 5),
(59, 87, 3, 5),
(60, 30, 3, 10),
(61, 9, 2, 1),
(62, 65, 3, 7),
(63, 71, 3, 5),
(64, 8, 2, 5),
(65, 54, 1, 4),
(66, 37, 2, 4),
(67, 44, 1, 7),
(68, 9, 1, 6),
(69, 70, 3, 5),
(70, 98, 1, 2),
(71, 4, 1, 10),
(72, 65, 2, 4),
(73, 27, 1, 5),
(74, 23, 3, 5),
(75, 75, 3, 6),
(76, 55, 3, 6),
(77, 90, 1, 4),
(78, 36, 1, 2),
(79, 83, 1, 8),
(80, 68, 3, 2),
(81, 54, 3, 9),
(82, 71, 3, 7),
(83, 19, 2, 4),
(84, 19, 1, 5),
(85, 25, 1, 5),
(86, 33, 2, 9),
(87, 33, 1, 9),
(88, 71, 2, 10),
(89, 52, 2, 5),
(90, 30, 2, 8),
(91, 95, 1, 9),
(92, 1, 1, 2),
(93, 44, 3, 10),
(94, 15, 1, 11),
(95, 38, 3, 1),
(96, 82, 3, 6),
(97, 21, 1, 5),
(98, 63, 3, 11),
(99, 2, 2, 5),
(100, 81, 1, 11),
(101, 3, 2, 4),
(102, 5, 1, 8),
(103, 6, 3, 7),
(104, 7, 2, 9),
(105, 8, 1, 10),
(106, 9, 3, 12),
(107, 10, 2, 3),
(108, 11, 1, 6),
(109, 12, 3, 5),
(110, 13, 2, 4),
(111, 14, 1, 8),
(112, 15, 3, 7),
(113, 16, 2, 9),
(114, 17, 1, 10),
(115, 18, 3, 11),
(116, 19, 2, 12),
(117, 20, 1, 5),
(118, 21, 3, 6),
(119, 22, 2, 7),
(120, 23, 1, 8),
(121, 24, 3, 9),
(122, 25, 2, 10),
(123, 26, 1, 11),
(124, 27, 3, 12),
(125, 28, 2, 5),
(126, 29, 1, 6),
(127, 30, 3, 7),
(128, 31, 2, 8),
(129, 32, 1, 9),
(130, 33, 3, 10),
(131, 34, 2, 11),
(132, 35, 1, 12),
(133, 36, 3, 5),
(134, 37, 2, 6),
(135, 38, 1, 7),
(136, 39, 3, 8),
(137, 40, 2, 9),
(138, 41, 1, 10),
(139, 42, 3, 11),
(140, 43, 2, 12),
(141, 44, 1, 5),
(142, 45, 3, 6),
(143, 46, 2, 7),
(144, 47, 1, 8),
(145, 48, 3, 9),
(146, 49, 2, 10),
(147, 50, 1, 11),
(148, 51, 3, 12),
(149, 52, 2, 5),
(150, 53, 1, 6),
(151, 54, 3, 7),
(152, 55, 2, 8),
(153, 56, 1, 9),
(154, 57, 3, 10),
(155, 58, 2, 11),
(156, 59, 1, 12),
(157, 60, 3, 5),
(158, 61, 2, 6),
(159, 62, 1, 7),
(160, 63, 3, 8),
(161, 64, 2, 9),
(162, 65, 1, 10),
(163, 66, 3, 11),
(164, 67, 2, 12),
(165, 68, 1, 5),
(166, 69, 3, 6),
(167, 70, 2, 7),
(168, 71, 1, 8),
(169, 72, 3, 9),
(170, 73, 2, 10),
(171, 74, 1, 11),
(172, 75, 3, 12),
(173, 76, 2, 5),
(174, 6, 1, 8),
(175, 34, 2, 9),
(176, 35, 1, 10),
(177, 36, 3, 11),
(178, 37, 2, 12),
(179, 38, 1, 5),
(180, 39, 3, 6),
(181, 40, 2, 7),
(182, 41, 1, 8),
(183, 42, 3, 9),
(184, 43, 2, 10),
(185, 44, 1, 11),
(186, 45, 3, 12),
(187, 46, 2, 5),
(188, 47, 1, 6),
(189, 48, 3, 7),
(190, 49, 2, 8),
(191, 50, 1, 9),
(192, 51, 3, 10),
(193, 52, 2, 11),
(194, 53, 3, 12),
(195, 54, 2, 5),
(196, 55, 1, 6),
(197, 56, 3, 7),
(198, 57, 2, 8),
(199, 58, 1, 9),
(200, 59, 3, 10),
(201, 60, 2, 11),
(202, 61, 1, 12),
(203, 62, 3, 5),
(204, 63, 2, 6),
(205, 64, 1, 7),
(206, 65, 3, 8),
(207, 66, 2, 9),
(208, 67, 1, 10),
(209, 68, 3, 11),
(210, 69, 2, 12),
(211, 70, 1, 5),
(212, 71, 3, 6),
(213, 72, 2, 7),
(214, 73, 1, 8),
(215, 74, 3, 9),
(216, 75, 2, 10),
(217, 76, 1, 11),
(218, 77, 3, 12),
(219, 78, 2, 5),
(220, 79, 1, 6),
(221, 80, 3, 7),
(222, 81, 2, 8),
(223, 82, 1, 9),
(224, 83, 3, 10),
(225, 84, 2, 11),
(226, 85, 1, 12),
(227, 86, 3, 5),
(228, 87, 2, 6),
(229, 88, 1, 7),
(230, 89, 3, 8),
(231, 90, 2, 9),
(232, 91, 1, 11),
(233, 92, 3, 10),
(234, 93, 2, 12),
(235, 94, 1, 5),
(236, 95, 3, 6),
(237, 96, 2, 7),
(238, 97, 1, 8),
(239, 98, 3, 9),
(240, 99, 2, 10),
(241, 100, 1, 11),
(242, 1, 3, 12),
(243, 2, 2, 5),
(244, 3, 1, 6),
(245, 4, 3, 7),
(246, 5, 2, 8),
(247, 6, 1, 9),
(248, 7, 3, 10),
(249, 8, 2, 11),
(250, 9, 1, 12);

INSERT INTO POLICY (policy_id, policy_type) VALUES
(1, 'Work Hours Regulation'),
(2, 'Overtime Limit'),
(3, 'Standard Weekly Hours'),
(4, 'Holiday Work Policy'),
(5, 'Night Shift Limit');

INSERT INTO CITY (city_id, city_name) VALUES
(1, 'New York'),
(2, 'Los Angeles'),
(3, 'Chicago'),
(4, 'Houston'),
(5, 'Phoenix'),
(6, 'Philadelphia'),
(7, 'San Antonio'),
(8, 'San Diego'),
(9, 'Dallas'),
(10, 'San Jose'),
(11, 'Austin'),
(12, 'Jacksonville'),
(13, 'Fort Worth'),
(14, 'San Francisco'),
(15, 'Columbus'),
(16, 'Seattle'),
(17, 'Denver'),
(18, 'Boston'),
(19, 'Nashville'),
(20, 'Miami'),
(21, 'Hokkaido'),
(22, 'Aomori'),
(23, 'Iwate'),
(24, 'Miyagi'),
(25, 'Akita'),
(26, 'Yamagata'),
(27, 'Fukushima'),
(28, 'Ibaraki'),
(29, 'Tochigi'),
(30, 'Gunma'),
(31, 'Saitama'),
(32, 'Chiba'),
(33, 'Tokyo'),
(34, 'Kanagawa'),
(35, 'Niigata'),
(36, 'Toyama'),
(37, 'Ishikawa'),
(38, 'Fukui'),
(39, 'Yamanashi'),
(40, 'Nagano'),
(41, 'Gifu'),
(42, 'Shizuoka'),
(43, 'Aichi'),
(44, 'Mie'),
(45, 'Shiga'),
(46, 'Kyoto'),
(47, 'Osaka'),
(48, 'Hyogo'),
(49, 'Nara'),
(50, 'Wakayama'),
(51, 'Tottori'),
(52, 'Shimane'),
(53, 'Okayama'),
(54, 'Hiroshima'),
(55, 'Yamaguchi'),
(56, 'Tokushima'),
(57, 'Kagawa'),
(58, 'Ehime'),
(59, 'Kochi'),
(60, 'Fukuoka'),
(61, 'Saga'),
(62, 'Nagasaki'),
(63, 'Kumamoto'),
(64, 'Oita'),
(65, 'Miyazaki'),
(66, 'Kagoshima'),
(67, 'Okinawa'),
(68, 'Buenos Aires'),
(69, 'Buenos Aires Province'),
(70, 'Catamarca'),
(71, 'Chaco'),
(72, 'Chubut'),
(73, 'Crdoba'),
(74, 'Corrientes'),
(75, 'Entre Ros'),
(76, 'Formosa'),
(77, 'Jujuy'),
(78, 'La Pampa'),
(79, 'La Rioja'),
(80, 'Mendoza'),
(81, 'Misiones'),
(82, 'Neuqun'),
(83, 'Ro Negro'),
(84, 'Salta'),
(85, 'San Juan'),
(86, 'San Luis'),
(87, 'Santa Cruz'),
(88, 'Santa Fe'),
(89, 'Santiago del Estero'),
(90, 'Tierra del Fuego'),
(91, 'Tucumn');

INSERT INTO CITY_REGION (city_id, region_id) VALUES
(1, 1),
(2, 1),
(3, 1),
(4, 1),
(5, 1),
(6, 1),
(7, 1),
(8, 1),
(9, 1),
(10, 1),
(11, 1),
(12, 1),
(13, 1),
(14, 1),
(15, 1),
(16, 1),
(17, 1),
(18, 1),
(19, 1),
(20, 1),
(21, 2),
(22, 2),
(23, 2),
(24, 2),
(25, 2),
(26, 2),
(27, 2),
(28, 2),
(29, 2),
(30, 2),
(31, 2),
(32, 2),
(33, 2),
(34, 2),
(35, 2),
(36, 2),
(37, 2),
(38, 2),
(39, 2),
(40, 2),
(41, 2),
(42, 2),
(43, 2),
(44, 2),
(45, 2),
(46, 2),
(47, 2),
(48, 2),
(49, 2),
(50, 2),
(51, 2),
(52, 2),
(53, 2),
(54, 2),
(55, 2),
(56, 2),
(57, 2),
(58, 2),
(59, 2),
(60, 2),
(61, 2),
(62, 2),
(63, 2),
(64, 2),
(65, 2),
(66, 2),
(67, 2),
(68, 3),
(69, 3),
(70, 3),
(71, 3),
(72, 3),
(73, 3),
(74, 3),
(75, 3),
(76, 3),
(77, 3),
(78, 3),
(79, 3),
(80, 3),
(81, 3),
(82, 3),
(83, 3),
(84, 3),
(85, 3),
(86, 3),
(87, 3),
(88, 3),
(89, 3),
(90, 3),
(91, 3);

INSERT INTO ADDRESS (address_id, street_address, postal_code) VALUES
(1, '02120 Dean Via', '87691'),
(2, '266 April Mews', '57854'),
(3, '07135 Rice Mission', '97167'),
(4, '3960 Francisco Pines Suite 778', '86095'),
(5, '3176 Christopher Ville', '78901'),
(6, '45962 Cross Circles', '21064'),
(7, '5771 Heidi Parkways', '32784'),
(8, '6607 Morgan Island', '40952'),
(9, '82794 Holmes Gardens Suite 009', '44794'),
(10, '081 Rivera Courts', '34603'),
(11, '86755 Myers Hill Suite 438', '40721'),
(12, '67417 John Place', '32813'),
(13, '4569 Beverly Lock', '98074'),
(14, '49852 Reyes Orchard', '41831'),
(15, '5614 Caldwell Motorway Apt. 307', '54369'),
(16, '163 Mcdaniel Lakes Apt. 707', '77605'),
(17, '3128 Jaime Mountains Suite 416', '95969'),
(18, '5005 Gabriela Gardens', '66500'),
(19, '736 Gabrielle Ranch Suite 350', '93383'),
(20, '378 Russell Spring Apt. 768', '15819'),
(21, '99613 Brian Rue Apt. 973', '71095'),
(22, '825 Solomon Spurs', '98790'),
(23, '01020 Laura Greens Apt. 558', '58134'),
(24, '826 Macdonald Brooks Apt. 597', '33182'),
(25, '270 Rivera Trail', '74753'),
(26, '3075 Sue Isle', '06311'),
(27, '386 Johnson Wells', '84559'),
(28, '40195 White Coves', '65647'),
(29, '9274 Colleen Bypass Suite 025', '96573'),
(30, '546 White Passage Apt. 690', '54588'),
(31, '17332 Hunt Roads', '76505'),
(32, '4261 Gonzales Ford Apt. 007', '95325'),
(33, '7710 Carrie Mall Suite 411', '30886'),
(34, '72728 Brittany Loop Apt. 665', '75028'),
(35, '8900 Gay Station', '55975'),
(36, '97249 Andrew Place', '44379'),
(37, '6160 Elizabeth Point Suite 659', '66889'),
(38, '4127 Coffey Plaza Apt. 994', '53287'),
(39, '7404 Arthur Shores Suite 678', '03141'),
(40, '0027 Edwards Lane', '65361'),
(41, '172 Shawn Course Apt. 040', '28897'),
(42, '46267 Sanchez Tunnel Apt. 284', '70935'),
(43, '910 Lynn Extensions', '42914'),
(44, '8359 John Skyway', '51607'),
(45, '6407 Luis Highway', '64900'),
(46, '05529 Brittany Mews Apt. 874', '19506'),
(47, '561 Anna Ridges Apt. 135', '85210'),
(48, '189 Clayton Knoll', '92919'),
(49, '937 Morales Island', '29392'),
(50, '186 Holmes Park Suite 732', '77936'),
(51, '142 Holly Shore Suite 396', '21908'),
(52, '3274 Mcdaniel Forges', '45087'),
(53, '153 Gregory Point', '44399'),
(54, '20725 Cindy Ports', '99474'),
(55, '8671 Frost Wells', '75012'),
(56, '38010 Watson Villages Apt. 070', '19540'),
(57, '0112 Jillian Mission', '77304'),
(58, '195 Rodriguez Ports', '83001'),
(59, '087 Peter Harbors Apt. 259', '54279'),
(60, '7758 Cohen Island', '61279'),
(61, '0990 Evans Views Apt. 138', '02642'),
(62, '3426 Ferrell Motorway', '43132'),
(63, '5065 Martinez Crescent Apt. 764', '45850'),
(64, '9786 Snow Fall Apt. 845', '73625'),
(65, '03119 Watson Islands Apt. 121', '74543'),
(66, '9519 Simpson Flat Apt. 222', '46553'),
(67, '3483 Richardson Garden Suite 512', '46715'),
(68, '3921 Carolyn Turnpike Suite 149', '49434'),
(69, '7046 Jerry Island', '56362'),
(70, '57274 Austin Summit Suite 595', '88843'),
(71, '905 Anthony Well', '79997'),
(72, '7270 Katherine Burg', '36546'),
(73, '303 Hunter Falls', '56799'),
(74, '0083 Cain Gardens', '70202'),
(75, '04975 Jennifer Estate', '86429'),
(76, '82932 Wilson Avenue Apt. 609', '73862'),
(77, '5291 Heather Pines Suite 586', '76690'),
(78, '884 Taylor Island', '55941'),
(79, '998 Teresa Drive Suite 928', '25077'),
(80, '4646 Jessica Hollow Apt. 358', '32739'),
(81, '3487 Miller Unions', '26971'),
(82, '449 Turner Fall Apt. 940', '42898'),
(83, '1438 Hancock Square', '04911'),
(84, '719 Matthew Drives Apt. 488', '24229'),
(85, '687 James Ferry', '88239'),
(86, '89294 Obrien Drives', '37061'),
(87, '3473 Hannah Stravenue', '64087'),
(88, '420 Ochoa Viaduct Suite 364', '67476'),
(89, '86259 Katherine Forges', '90953'),
(90, '866 Charles View', '84320'),
(91, '6738 John Path Apt. 086', '25539'),
(92, '758 Cole Freeway', '37807'),
(93, '563 Alvarez Islands', '04351'),
(94, '0672 Manuel Rest Suite 933', '53148'),
(95, '818 Olson Passage Apt. 227', '39194'),
(96, '66248 Charles Club Apt. 466', '49345'),
(97, '404 Stephen Fort Apt. 419', '78366'),
(98, '50337 Emily Run', '71401'),
(99, '01344 James Extension Apt. 443', '98756'),
(100, '64911 Brenda Trail', '27336'),
(101, '57633 Mccullough Wall', '77464'),
(102, '827 Joann Hollow Apt. 123', '24973'),
(103, '1306 Jenny Common Suite 238', '06312'),
(104, '0940 Thomas Fords Apt. 653', '61115'),
(105, '428 David Fork', '90350'),
(106, '6841 Grant Divide Apt. 396', '60256'),
(107, '5930 Richards Harbors Apt. 199', '11290'),
(108, '6491 Melanie Junction Apt. 828', '15556'),
(109, '02517 Marc Station', '80687'),
(110, '6896 Brittany Parkways Suite 157', '06534'),
(111, '2215 Amanda Curve Apt. 458', '62211'),
(112, '458 Alicia Plain', '02779'),
(113, '53031 Pierce Mount', '65316'),
(114, '04519 Jamie Camp', '44613'),
(115, '341 Aaron Crossroad', '27374'),
(116, '76698 Carroll Lock Apt. 182', '33493'),
(117, '27543 King Center', '40474'),
(118, '6083 Ashley Shores', '43008'),
(119, '4378 Sarah Manor Suite 825', '85580'),
(120, '1497 Henry Fords', '94132'),
(121, '6548 Hopkins Stream Apt. 675', '26831'),
(122, '84506 Lewis Lake', '35842'),
(123, '9283 Wagner Islands Apt. 390', '78829'),
(124, '488 Elizabeth Orchard Suite 492', '32895'),
(125, '4481 Snyder Common', '69729'),
(126, '55171 Daniel Prairie', '22604'),
(127, '8025 Rebecca Run', '51646'),
(128, '871 Boyd Forges', '71142'),
(129, '3720 Jimmy Stravenue', '16836'),
(130, '89385 Bryan Unions Suite 289', '40330'),
(131, '951 Charles Burg Suite 588', '48322'),
(132, '659 Douglas Spurs Suite 067', '65717'),
(133, '1686 Rogers Shore', '35079'),
(134, '575 Martin Field', '38280'),
(135, '5665 Roberto Junction', '97318'),
(136, '33777 Jason Extension Suite 568', '28351'),
(137, '4339 Martin Union', '37245'),
(138, '1379 Jason Hills Apt. 834', '16045'),
(139, '7652 Susan Shore', '94723'),
(140, '738 Savage Run', '76785'),
(141, '52723 Michael Roads Suite 461', '34984'),
(142, '17617 Angela Vista', '29252'),
(143, '9288 Morris Highway Apt. 604', '15362'),
(144, '9044 David Corner Suite 378', '09391'),
(145, '71020 Jeffery Square Apt. 559', '79926'),
(146, '857 Robert View', '53950'),
(147, '59685 Wilkins Lock', '82285'),
(148, '18584 Smith Burgs', '99672'),
(149, '560 Nicole Island', '10942'),
(150, '7252 Andrea Dam Apt. 784', '35821'),
(151, '07193 Brennan Square', '25849'),
(152, '408 David Grove', '89370'),
(153, '20462 Jessica Fort', '40247'),
(154, '50792 Danielle Drive Suite 862', '86448'),
(155, '3822 Kevin Hill Apt. 748', '28742'),
(156, '802 Kendra Mews Suite 494', '11900'),
(157, '673 Calhoun Turnpike', '72095'),
(158, '72350 Ruth Highway', '17770'),
(159, '51466 Amanda Mountains', '08225'),
(160, '9263 Sabrina Mount', '44729'),
(161, '2651 Daniel Drive', '54421'),
(162, '9317 Wyatt Shoal Apt. 719', '20991'),
(163, '83407 Williams Harbors Apt. 072', '42728'),
(164, '0422 Daniel Mountains', '88547'),
(165, '229 Michelle Mission Suite 718', '34985'),
(166, '70640 Delgado Crossroad Suite 674', '72014'),
(167, '80898 Gonzalez Burgs', '87179'),
(168, '67239 Jessica Branch', '44266'),
(169, '04007 Rachel Village Apt. 324', '37887'),
(170, '659 Rivers Brooks Apt. 964', '79630'),
(171, '9812 Schultz Station Suite 920', '06420'),
(172, '967 Ramirez Branch', '92369'),
(173, '569 Steve Bridge Suite 541', '30356'),
(174, '036 Bennett Parks Apt. 124', '18728'),
(175, '85098 Hahn Corner', '28492'),
(176, '81140 Karen Shoals Apt. 446', '96327'),
(177, '039 Timothy Inlet Apt. 620', '94668'),
(178, '786 Lopez Prairie Apt. 042', '81775'),
(179, '07271 Richard Shoals Suite 912', '32966'),
(180, '665 Jacob Alley Suite 469', '52758'),
(181, '1008 Colin Branch', '96966'),
(182, '2484 Mcmillan Stream Apt. 865', '55795'),
(183, '3921 Duncan Spur', '38664'),
(184, '852 Denise Mountains', '85411'),
(185, '2881 Fernandez Hollow Apt. 378', '65372'),
(186, '00752 Schneider Skyway', '12167'),
(187, '478 Smith Wells Apt. 471', '27708'),
(188, '07487 Ho Parks Suite 382', '63162'),
(189, '111 Nancy Fall Suite 682', '42899'),
(190, '7581 Brian Creek', '17147'),
(191, '935 Watkins Mall', '17370'),
(192, '435 Davis Keys Suite 848', '00528'),
(193, '400 Susan Run Apt. 160', '85283'),
(194, '56714 John Field Suite 722', '27728'),
(195, '69093 Collin Union Apt. 893', '90103'),
(196, '59969 Brandy Valley Apt. 226', '01274'),
(197, '560 Wright Mill Suite 700', '03248'),
(198, '63823 Arthur Bypass Suite 514', '89059'),
(199, '434 Frank Greens Suite 049', '49536'),
(200, '07275 Tonya Knolls', '54848'),
(201, '0855 Kyle Rue', '17866'),
(202, '2306 Schmidt Village Suite 873', '81670'),
(203, '99498 King Key Suite 009', '55491'),
(204, '33563 Maureen Flats Apt. 600', '55736'),
(205, '995 Andrew Bypass', '73427'),
(206, '409 Sawyer Square Apt. 085', '36800'),
(207, '4875 Johnny Ridge', '40575'),
(208, '6863 Lance Summit', '97878'),
(209, '9120 Sandra Summit Apt. 318', '03737'),
(210, '150 Melissa Well Apt. 399', '21910'),
(211, '22149 Flores Village Suite 465', '13568'),
(212, '6174 Adriana Village Apt. 414', '65238'),
(213, '419 Ruben Falls', '37030'),
(214, '09983 Stewart Cove Suite 013', '13254'),
(215, '316 Brian Oval Suite 828', '76548'),
(216, '43354 Price Passage', '71067'),
(217, '57374 Cynthia Wells', '06268'),
(218, '1739 Wanda Way', '08283'),
(219, '666 Davis Walk', '17525'),
(220, '939 Hudson Road', '27866'),
(221, '58030 Tamara Forge Suite 808', '56906'),
(222, '923 Patricia Manors', '59453'),
(223, '3038 Wilson Islands Suite 576', '97289'),
(224, '748 Katrina Terrace Suite 150', '82201'),
(225, '0635 Scott Centers', '19395'),
(226, '42719 Anthony Mountain', '29365'),
(227, '5816 Beard Skyway', '90024'),
(228, '101 Whitney Motorway', '29808'),
(229, '893 Lawson Heights', '82023'),
(230, '54666 Debra Trail Apt. 951', '60750'),
(231, '020 Tyler Stream', '88794'),
(232, '46169 Lewis Wells', '49483'),
(233, '628 Heath Isle', '61651'),
(234, '82672 Alexander Locks Suite 139', '19024'),
(235, '31571 Jerry Roads Suite 120', '41761'),
(236, '021 Garza Wall', '48474'),
(237, '4983 Sandoval Road Apt. 641', '75608'),
(238, '40324 Donald Street', '18355'),
(239, '77453 Johnson Prairie Apt. 894', '17112'),
(240, '0144 Monica Village Apt. 887', '57399'),
(241, '554 Mitchell Wall', '05904'),
(242, '5838 Silva Pines', '69953'),
(243, '07481 Frank Knolls', '24280'),
(244, '41382 Jennings Dale Apt. 190', '32575'),
(245, '19600 Anthony Terrace Suite 842', '14386'),
(246, '24341 Jason Loop', '32114'),
(247, '497 Chapman Hills Suite 943', '66610'),
(248, '42822 Robert Union', '35383'),
(249, '27664 Marsh Squares Suite 845', '09629'),
(250, '3454 Tanner Harbors Suite 995', '60889');

INSERT INTO BILLING (billing_id, billed_hours, bill_rate) VALUES
(1, '92', '413.50'),
(2, '81', '532.25'),
(3, '49', '404.75'),
(4, '41', '470.25'),
(5, '71', '607.81'),
(6, '15', '588.42'),
(7, '48', '443.82'),
(8, '5', '456.45'),
(9, '80', '543.62'),
(10, '7', '440.83'),
(11, '8', '525.02'),
(12, '2', '401.21'),
(13, '52', '391.80'),
(14, '8', '390.04'),
(15, '44', '503.21'),
(16, '53', '517.33'),
(17, '75', '400.82'),
(18, '88', '609.45'),
(19, '98', '442.37'),
(20, '54', '566.37'),
(21, '3', '459.38'),
(22, '78', '445.29'),
(23, '67', '393.93'),
(24, '40', '544.87'),
(25, '41', '521.39'),
(26, '59', '554.64'),
(27, '62', '392.90'),
(28, '80', '416.75'),
(29, '66', '409.21'),
(30, '96', '427.28'),
(31, '82', '522.90'),
(32, '30', '493.73'),
(33, '49', '437.84'),
(34, '55', '537.93'),
(35, '73', '475.19'),
(36, '90', '571.85'),
(37, '19', '498.98'),
(38, '19', '397.83'),
(39, '19', '426.68'),
(40, '50', '524.17'),
(41, '89', '564.69'),
(42, '50', '529.89'),
(43, '77', '441.55'),
(44, '52', '624.00'),
(45, '53', '530.15'),
(46, '69', '557.20'),
(47, '43', '537.88'),
(48, '16', '539.49'),
(49, '58', '435.59'),
(50, '86', '590.74'),
(51, '1', '496.67'),
(52, '79', '379.17'),
(53, '23', '407.35'),
(54, '3', '562.63'),
(55, '93', '585.38'),
(56, '67', '410.30'),
(57, '47', '612.98'),
(58, '22', '580.77'),
(59, '3', '585.47'),
(60, '40', '461.95'),
(61, '73', '579.11'),
(62, '8', '455.68'),
(63, '62', '388.98'),
(64, '22', '452.26'),
(65, '15', '563.71'),
(66, '77', '433.02'),
(67, '24', '489.12'),
(68, '43', '541.53'),
(69, '69', '498.71'),
(70, '38', '590.75'),
(71, '72', '556.83'),
(72, '51', '618.39'),
(73, '61', '440.93'),
(74, '94', '459.37'),
(75, '79', '586.61'),
(76, '57', '591.40'),
(77, '82', '493.95'),
(78, '93', '603.43'),
(79, '29', '530.11'),
(80, '94', '610.37'),
(81, '84', '550.64'),
(82, '11', '527.27'),
(83, '2', '490.86'),
(84, '73', '568.06'),
(85, '83', '623.97'),
(86, '73', '439.03'),
(87, '66', '430.62'),
(88, '32', '465.81'),
(89, '91', '512.71'),
(90, '57', '453.06'),
(91, '32', '435.03'),
(92, '69', '476.89'),
(93, '51', '584.43'),
(94, '64', '381.72'),
(95, '93', '560.60'),
(96, '99', '485.47'),
(97, '36', '616.04'),
(98, '50', '487.88'),
(99, '81', '536.38'),
(100, '7', '379.57');

UPDATE BILLING
SET billed_total = billed_hours * bill_rate;

INSERT INTO ADDRESS_CITY (address_id, city_id) VALUES
(1, 31),
(2, 3),
(3, 61),
(4, 66),
(5, 44),
(6, 42),
(7, 88),
(8, 54),
(9, 19),
(10, 35),
(11, 27),
(12, 17),
(13, 26),
(14, 72),
(15, 76),
(16, 50),
(17, 51),
(18, 4),
(19, 57),
(20, 63),
(21, 74),
(22, 53),
(23, 6),
(24, 15),
(25, 8),
(26, 58),
(27, 43),
(28, 21),
(29, 52),
(30, 72),
(31, 1),
(32, 11),
(33, 55),
(34, 52),
(35, 27),
(36, 10),
(37, 18),
(38, 73),
(39, 48),
(40, 45),
(41, 18),
(42, 41),
(43, 85),
(44, 2),
(45, 47),
(46, 56),
(47, 66),
(48, 29),
(49, 79),
(50, 62),
(51, 59),
(52, 91),
(53, 34),
(54, 69),
(55, 37),
(56, 28),
(57, 83),
(58, 75),
(59, 20),
(60, 23),
(61, 24),
(62, 90),
(63, 86),
(64, 84),
(65, 67),
(66, 46),
(67, 16),
(68, 49),
(69, 32),
(70, 9),
(71, 71),
(72, 7),
(73, 33),
(74, 40),
(75, 50),
(76, 80),
(77, 38),
(78, 78),
(79, 25),
(80, 5),
(81, 64),
(82, 21),
(83, 14),
(84, 30),
(85, 12),
(86, 81),
(87, 22),
(88, 60),
(89, 68),
(90, 13),
(91, 39),
(92, 87),
(93, 70),
(94, 65),
(95, 89),
(96, 10),
(97, 82),
(98, 42),
(99, 77),
(100, 36);

INSERT INTO PERSON_PHONE(phone_id, person_id, phone_type, is_primary) 
SELECT 
    phone_id, 
    (SELECT person_id FROM PERSON ORDER BY RAND() LIMIT 1), 
    (SELECT CASE FLOOR(1 + (RAND() * 3)) 
            WHEN 1 THEN 'Mobile' 
            WHEN 2 THEN 'Home' 
            WHEN 3 THEN 'Work' 
     END), 
    (SELECT CASE FLOOR(1 + (RAND() * 2)) 
            WHEN 1 THEN 'Y' 
            WHEN 2 THEN 'N' 
     END) 
FROM PHONE;

INSERT INTO PERSON_EMAIL(email_id, person_id, email_type, is_primary)
SELECT 
    email_id, 
    (SELECT person_id FROM PERSON ORDER BY RAND() LIMIT 1), 
    (SELECT CASE FLOOR(1 + (RAND() * 3)) 
            WHEN 1 THEN 'Personal' 
            WHEN 2 THEN 'Work' 
            WHEN 3 THEN 'Other' 
     END), 
    (SELECT CASE FLOOR(1 + (RAND() * 2)) 
            WHEN 1 THEN 'Y' 
            WHEN 2 THEN 'N' 
     END)
FROM EMAIL;

INSERT INTO PERSON_ADDRESS(person_id, address_id, address_type) 
SELECT 
    person_id,
    (SELECT address_id FROM ADDRESS ORDER BY RAND() LIMIT 1) AS address_id,
    (SELECT CASE FLOOR(1 + (RAND() * 3)) 
            WHEN 1 THEN 'Home' 
            WHEN 2 THEN 'Work' 
            WHEN 3 THEN 'Other' 
     END) AS address_type
FROM EMPLOYEE; 

INSERT INTO COMPANY_LOCATION (company_id, address_id, location_name)
SELECT 
    company_id, 
    (SELECT address_id FROM ADDRESS 
    WHERE address_id NOT IN (SELECT address_id FROM PERSON_ADDRESS)
     ORDER BY RAND() LIMIT 1) AS address_id,
    (SELECT CASE FLOOR(1 + (RAND() * 3)) 
            WHEN 1 THEN 'HQ' 
            WHEN 2 THEN 'Office' 
            WHEN 3 THEN 'Branch' 
     END) AS location_name
FROM COMPANY;

INSERT INTO CONTRACT_COUNTRY (contract_id, country_id) VALUES
(1,2),
(2,2),
(3,1),
(4,1),
(5,1),
(6,1),
(7,2),
(8,3),
(9,3),
(10,1),
(11,1),
(12,1),
(13,3),
(14,2),
(15,1),
(16,2),
(17,3),
(18,2),
(19,2),
(20,1),
(21,1),
(22,3),
(22,1),
(23,1);

INSERT INTO COUNTRY_POLICY (country_id, policy_id, max_weekly_hours) VALUES
(1, 1, 40), 
(1, 2, 10),
(1, 3, 40),
(1, 4, 8), 
(1, 5, 10), 
(2, 1, 40),  
(2, 2, 15),
(2, 3, 40),  
(2, 4, 8),   
(2, 5, 8),  
(3, 1, 44),
(3, 2, 12),
(3, 3, 44),
(3, 4, 6),
(3, 5, 7); 

INSERT INTO `PHONE_METRICS` (`phone_metrics_id`, `phone_id`, `length_of_call`, `customer_satisfaction`) VALUES
(1, 100, '96', '-1'),
(2, 103, '5', '-10'),
(3, 106, '62', '20'),
(4, 109, '23', '5'),
(5, 112, '84', '11'),
(6, 115, '22', '-4'),
(7, 118, '77', '8'),
(8, 121, '71', '9'),
(9, 124, '43', '1'),
(10, 127, '28', '3'),
(11, 130, '66', '7'),
(12, 133, '68', '6'),
(13, 136, '4', '6'),
(14, 139, '85', '7'),
(15, 142, '48', '2'),
(16, 145, '45', '3'),
(17, 148, '42', '9'),
(18, 151, '1', '8'),
(19, 154, '60', '5'),
(20, 157, '70', '4'),
(21, 160, '51', '9'),
(22, 163, '83', '7'),
(23, 166, '36', '5'),
(24, 169, '93', '5'),
(25, 172, '40', '6'),
(26, 175, '82', '6'),
(27, 178, '21', '3'),
(28, 181, '63', '8'),
(29, 184, '12', '2'),
(30, 187, '77', '6'),
(31, 190, '45', '5'),
(32, 193, '67', '7'),
(33, 196, '12', '8'),
(34, 199, '13', '3'),
(35, 202, '82', '2'),
(36, 205, '99', '6'),
(37, 208, '84', '7'),
(38, 211, '84', '4'),
(39, 214, '45', '4'),
(40, 217, '11', '6'),
(41, 220, '55', '2'),
(42, 223, '64', '8'),
(43, 226, '5', '1'),
(44, 229, '39', '5'),
(45, 232, '29', '4'),
(46, 235, '85', '6'),
(47, 238, '82', '8'),
(48, 241, '64', '7'),
(49, 244, '24', '9'),
(50, 247, '66', '3'),
(51, 250, '62', '9'),
(52, 253, '49', '9'),
(53, 256, '40', '4'),
(54, 259, '61', '7'),
(55, 262, '23', '6'),
(56, 265, '27', '7'),
(57, 268, '8', '3'),
(58, 271, '91', '6'),
(59, 274, '95', '3'),
(60, 277, '76', '9'),
(61, 280, '50', '1'),
(62, 283, '48', '4'),
(63, 286, '84', '4'),
(64, 289, '25', '8'),
(65, 292, '86', '9'),
(66, 295, '83', '4'),
(67, 298, '60', '1'),
(68, 301, '96', '8'),
(69, 304, '2', '4'),
(70, 307, '80', '1'),
(71, 310, '46', '7'),
(72, 313, '82', '1'),
(73, 316, '34', '7'),
(74, 319, '73', '2'),
(75, 322, '92', '7'),
(76, 325, '1','8'),
(77, 328, '44', '3'),
(78, 331, '95', '7'),
(79, 334, '5', '4'),
(80, 337, '5', '4'),
(81, 340, '49', '3'),
(82, 343, '9', '7'),
(83, 346, '50', '3'),
(84, 349, '61', '3'),
(85, 352, '26', '3'),
(86, 355, '49', '6'),
(87, 358, '12', '2'),
(88, 361, '44', '5'),
(89, 364, '43', '3'),
(90, 367, '27', '9'),
(91, 370, '82', '1'),
(92, 373, '9', '4'),
(93, 376, '16', '1'),
(94, 379, '56', '6'),
(95, 382, '6', '2'),
(96, 385, '62', '6'),
(97, 388, '70', '7'),
(98, 391, '61', '5'),
(99, 394, '38', '2'),
(100, 397, '17', '2');

INSERT INTO EMAIL_METRICS (email_metrics_id, email_id, length_of_correspondence, customer_satisfaction) VALUES
(1, '87', '3466', '-4'),
(2, '32', '7901', '42'),
(3, '38', '4615', '4'),
(4, '100', '7794', '-8'),
(5, '19', '9367', '-11'),
(6, '59', '8805', '55'),
(7, '99', '34', '1'),
(8, '71', '7031', '3'),
(9, '13', '9251', '4'),
(10, '10', '8564', '1'),
(11, '64', '4132', '5'),
(12, '66', '6319', '2'),
(13, '52', '7868', '9'),
(14, '42', '6649', '2'),
(15, '69', '7780', '2'),
(16, '90', '664', '9'),
(17, '94', '4057', '3'),
(18, '76', '7753', '6'),
(19, '23', '5684', '3'),
(20, '24', '5196', '1'),
(21, '43', '5522', '5'),
(22, '15', '3508', '2'),
(23, '70', '5585', '6'),
(24, '92', '1344', '2'),
(25, '28', '1650', '3'),
(26, '8', '7101', '6'),
(27, '75', '6570', '7'),
(28, '3', '6010', '1'),
(29, '88', '2107', '7'),
(30, '22', '53', '4'),
(31, '30', '5512', '3'),
(32, '85', '6691', '7'),
(33, '72', '8503', '8'),
(34, '73', '9821', '5'),
(35, '40', '7451', '1'),
(36, '44', '2498', '3'),
(37, '34', '7982', '1'),
(38, '84', '2967', '1'),
(39, '79', '6295', '4'),
(40, '97', '8501', '5'),
(41, '6', '9981', '7'),
(42, '83', '3722', '8'),
(43, '77', '351', '5'),
(44, '16', '7909', '2'),
(45, '65', '4765', '2'),
(46, '1', '4471', '7'),
(47, '68', '2308', '4'),
(48, '4', '1624', '7'),
(49, '63', '5369', '3'),
(50, '80', '7549', '8'),
(51, '31', '6266', '1'),
(52, '60', '4702', '1'),
(53, '9', '8758', '5'),
(54, '53', '2106', '7'),
(55, '82', '8778', '9'),
(56, '95', '6546', '3'),
(57, '21', '5428', '9'),
(58, '45', '6788', '6'),
(59, '78', '1078', '7'),
(60, '98', '3449', '7'),
(61, '11', '9278', '8'),
(62, '49', '2079', '9'),
(63, '93', '6089', '7'),
(64, '26', '2628', '5'),
(65, '96', '4544', '4'),
(66, '14', '3485', '8'),
(67, '37', '9431', '8'),
(68, '7', '5771', '1'),
(69, '35', '2766', '3'),
(70, '86', '9249', '1'),
(71, '39', '6198', '1'),
(72, '5', '5941', '3'),
(73, '48', '7243', '6'),
(74, '50', '7889', '5'),
(75, '36', '8992', '3'),
(76, '17', '1879', '2'),
(77, '27', '9531', '8'),
(78, '55', '8008', '1'),
(79, '61', '5086', '5'),
(80, '46', '4401', '2'),
(81, '67', '409', '7'),
(82, '29', '3195', '3'),
(83, '89', '5135', '3'),
(84, '20', '3259', '3'),
(85, '57', '2872', '5'),
(86, '41', '1452', '3'),
(87, '62', '3218', '7'),
(88, '47', '8532', '9'),
(89, '12', '9835', '7'),
(90, '54', '4936', '7'),
(91, '2', '8482', '5'),
(92, '51', '4543', '6'),
(93, '18', '5405', '4'),
(94, '56', '944', '5'),
(95, '33', '2955', '4'),
(96, '58', '9701', '7'),
(97, '91', '8144', '7'),
(98, '25', '9309', '6'),
(99, '74', '7415', '8'),
(100, '81', '2824', '7');

INSERT INTO CLIENT_INVOICE (client_id, invoice_id) VALUES
(1, 49),
(2, 81),
(3, 90),
(4, 13),
(4, 19),
(7, 82),
(9, 33),
(10, 60),
(10, 87),
(11, 55),
(12, 81),
(13, 56),
(17, 40),
(18, 24),
(18, 59),
(18, 78),
(20, 22),
(21, 14),
(22, 70),
(23, 31),
(23, 90),
(24, 15),
(24, 72),
(25, 5),
(25, 50),
(25, 86),
(25, 92),
(26, 84),
(27, 23),
(27, 79),
(29, 30),
(29, 85),
(30, 95),
(33, 57),
(33, 68),
(34, 43),
(34, 64),
(35, 50),
(35, 84),
(36, 18),
(36, 29),
(36, 44),
(37, 85),
(37, 96),
(39, 58),
(39, 64),
(42, 7),
(42, 16),
(42, 75),
(44, 33),
(45, 34),
(45, 89),
(49, 78),
(49, 79),
(51, 58),
(53, 7),
(54, 17),
(54, 24),
(57, 35),
(58, 18),
(58, 21),
(58, 24),
(58, 52),
(59, 27),
(60, 26),
(61, 32),
(61, 42),
(64, 6),
(64, 48),
(66, 65),
(66, 68),
(67, 9),
(67, 10),
(67, 37),
(68, 23),
(68, 42),
(68, 51),
(69, 22),
(70, 28),
(70, 41),
(71, 91),
(72, 82),
(73, 6),
(73, 86),
(74, 32),
(76, 25),
(77, 94),
(80, 6),
(80, 55),
(84, 39),
(85, 11),
(85, 54),
(89, 44),
(90, 2),
(91, 47),
(93, 51),
(97, 9),
(97, 12),
(97, 76),
(97, 88),
(99, 11),
(99, 34),
(99, 51),
(100, 19),
(101, 21),
(103, 70),
(103, 79),
(104, 80),
(105, 20),
(105, 53),
(107, 29),
(107, 65),
(109, 8),
(109, 21),
(110, 58),
(110, 71),
(111, 71),
(111, 84),
(112, 62),
(113, 46),
(115, 48),
(115, 69),
(116, 61),
(118, 26),
(121, 54),
(121, 92),
(124, 97),
(125, 89),
(128, 59),
(129, 83),
(130, 4),
(130, 100),
(131, 13),
(131, 27),
(131, 60),
(132, 88),
(132, 97),
(135, 38),
(136, 36),
(140, 80),
(141, 75),
(144, 99),
(145, 16),
(145, 41),
(145, 95),
(147, 46),
(149, 72),
(151, 7),
(151, 97),
(152, 52),
(152, 96),
(154, 2),
(155, 14),
(155, 75),
(159, 41),
(159, 98),
(162, 4),
(163, 52),
(165, 12),
(165, 35),
(165, 40),
(165, 54),
(165, 74),
(166, 38),
(168, 3),
(168, 29),
(168, 31),
(168, 36),
(168, 61),
(169, 63),
(171, 53),
(172, 55),
(172, 57),
(173, 93),
(174, 36),
(174, 56),
(174, 65),
(175, 18),
(176, 47),
(177, 1),
(177, 45),
(179, 27),
(181, 56),
(181, 72),
(182, 34),
(184, 49),
(185, 12),
(186, 87),
(187, 30),
(187, 78),
(187, 99),
(190, 66),
(190, 76),
(193, 1),
(193, 28),
(193, 42),
(196, 20),
(198, 76),
(199, 25),
(199, 33),
(200, 39),
(202, 4),
(203, 3),
(205, 66),
(206, 90),
(207, 77),
(208, 13),
(208, 67),
(210, 5),
(213, 98),
(215, 66),
(215, 67),
(216, 23),
(217, 64),
(218, 14),
(218, 37),
(220, 82),
(220, 93),
(221, 8),
(221, 20),
(221, 98),
(222, 63),
(223, 83),
(224, 45),
(225, 26),
(227, 35),
(228, 15),
(229, 73),
(229, 88),
(230, 91),
(231, 77),
(232, 53),
(233, 74),
(234, 5),
(234, 17),
(235, 91),
(236, 28),
(237, 15),
(237, 99),
(238, 69),
(240, 71),
(240, 73),
(241, 70),
(241, 94),
(241, 100),
(242, 10),
(242, 38),
(243, 43),
(249, 62),
(69, 69);

INSERT INTO BILLING_CONTRACT(billing_id, contract_id) VALUES
(1, 1),
(2, 2),
(3, 3),
(4, 4),
(5, 5),
(6, 6),
(7, 7),
(8, 8),
(9, 9),
(10, 10),
(11, 11),
(12, 12),
(13, 13),
(14, 14),
(15, 15),
(16, 16),
(17, 17),
(18, 18),
(19, 19),
(20, 20),
(21, 21),
(22, 22),
(23, 23),
(24, 24),
(25, 25),
(26, 26),
(27, 27),
(28, 28),
(29, 29),
(30, 30),
(31, 31),
(32, 32),
(33, 33),
(34, 34),
(35, 35),
(36, 36),
(37, 37),
(38, 38),
(39, 39),
(40, 40),
(41, 41),
(42, 42),
(43, 43),
(44, 44),
(45, 45),
(46, 46),
(47, 47),
(48, 48),
(49, 49),
(50, 50),
(51, 51),
(52, 52),
(53, 53),
(54, 54),
(55, 55),
(56, 56),
(57, 57),
(58, 58),
(59, 59),
(60, 60),
(61, 61),
(62, 62),
(63, 63),
(64, 64),
(65, 65),
(66, 66),
(67, 67),
(68, 68),
(69, 69),
(70, 70),
(71, 71),
(72, 72),
(73, 73),
(74, 74),
(75, 75),
(76, 76),
(77, 77),
(78, 78),
(79, 79),
(80, 80),
(81, 81),
(82, 82),
(83, 83),
(84, 84),
(85, 85),
(86, 86),
(87, 87),
(88, 88),
(89, 89),
(90, 90),
(91, 91),
(92, 92),
(93, 93),
(94, 94),
(95, 95),
(96, 96),
(97, 97),
(98, 98),
(99, 99),
(100, 100);

INSERT INTO EMPLOYEE_TIMECARD(employee_id, timecard_id, timecard_date, approval_status) VALUES
(1, 1, '2022-04-12', 'Approved'),
(2, 2, '2020-06-03', 'Pending'),
(3, 3, '2024-07-24', 'Approved'),
(4, 4, '2021-05-03', 'Pending'),
(5, 5, '2023-11-30', 'Approved'),
(6, 6, '2019-07-30', 'Approved'),
(7, 7, '2022-02-06', 'Pending'),
(8, 8, '2023-12-08', 'Approved'),
(9, 9, '2022-01-14', 'Approved'),
(10, 10, '2024-01-01', 'Pending'),
(11, 11, '2019-04-15', 'Approved'),
(12, 12, '2019-11-20', 'Approved'),
(13, 13, '2019-06-23', 'Pending'),
(14, 14, '2023-04-11', 'Approved'),
(15, 15, '2025-04-15', 'Pending'),
(16, 16, '2020-06-30', 'Pending'),
(17, 17, '2021-04-08', 'Pending'),
(18, 18, '2022-08-26', 'Approved'),
(19, 19, '2022-08-17', 'Pending'),
(20, 20, '2021-09-29', 'Approved'),
(21, 21, '2023-03-17', 'Pending'),
(22, 22, '2022-08-05', 'Approved'),
(23, 23, '2019-04-30', 'Approved'),
(24, 24, '2022-06-23', 'Approved'),
(25, 25, '2019-09-06', 'Pending'),
(26, 26, '2020-06-09', 'Approved'),
(27, 27, '2020-05-21', 'Denied'),
(28, 28, '2022-09-23', 'Pending'),
(29, 29, '2019-08-27', 'Pending'),
(30, 30, '2019-05-06', 'Pending'),
(31, 31, '2024-11-12', 'Pending'),
(32, 32, '2024-08-20', 'Approved'),
(33, 33, '2022-09-06', 'Approved'),
(34, 34, '2024-04-13', 'Approved'),
(35, 35, '2022-10-22', 'Approved'),
(36, 36, '2023-03-06', 'Pending'),
(37, 37, '2023-03-31', 'Pending'),
(38, 38, '2022-01-15', 'Pending'),
(39, 39, '2022-01-03', 'Pending'),
(40, 40, '2019-02-26', 'Pending'),
(41, 41, '2023-11-13', 'Pending'),
(42, 42, '2023-09-12', 'Pending'),
(43, 43, '2019-12-26', 'Approved'),
(44, 44, '2024-09-06', 'Approved'),
(45, 45, '2024-09-08', 'Pending'),
(46, 46, '2019-07-18', 'Pending'),
(47, 47, '2019-10-08', 'Approved'),
(48, 48, '2023-05-15', 'Pending'),
(49, 49, '2020-04-21', 'Approved'),
(50, 50, '2019-07-17', 'Approved'),
(51, 51, '2020-10-06', 'Denied'),
(52, 52, '2023-09-19', 'Approved'),
(53, 53, '2023-07-27', 'Pending'),
(54, 54, '2020-10-31', 'Pending'),
(55, 55, '2020-07-24', 'Approved'),
(56, 56, '2021-11-25', 'Pending'),
(57, 57, '2024-04-29', 'Pending'),
(58, 58, '2024-06-10', 'Pending'),
(59, 59, '2022-03-24', 'Pending'),
(60, 60, '2020-09-20', 'Approved'),
(61, 61, '2023-11-20', 'Approved'),
(62, 62, '2023-02-20', 'Approved'),
(63, 63, '2024-05-12', 'Pending'),
(64, 64, '2021-12-25', 'Approved'),
(65, 65, '2023-03-31', 'Approved'),
(66, 66, '2019-08-05', 'Pending'),
(67, 67, '2022-09-25', 'Approved'),
(68, 68, '2023-05-07', 'Approved'),
(69, 69, '2021-09-21', 'Approved'),
(70, 70, '2019-01-29', 'Pending'),
(71, 71, '2023-05-12', 'Pending'),
(72, 72, '2024-11-20', 'Pending'),
(73, 73, '2023-09-15', 'Pending'),
(74, 74, '2024-01-22', 'Pending'),
(75, 75, '2022-12-20', 'Pending'),
(76, 76, '2020-03-31', 'Approved'),
(77, 77, '2019-04-14', 'Approved'),
(78, 78, '2021-03-30', 'Pending'),
(79, 79, '2023-11-05', 'Pending'),
(80, 80, '2022-07-15', 'Approved'),
(81, 81, '2023-06-06', 'Approved'),
(82, 82, '2025-04-16', 'Pending'),
(83, 83, '2023-09-30', 'Pending'),
(84, 84, '2022-08-22', 'Pending'),
(85, 85, '2021-02-12', 'Approved'),
(86, 86, '2024-03-25', 'Denied'),
(87, 87, '2019-09-23', 'Pending'),
(88, 88, '2024-03-02', 'Approved'),
(89, 89, '2019-07-26', 'Pending'),
(90, 90, '2024-05-11', 'Approved'),
(91, 91, '2020-08-04', 'Approved'),
(92, 92, '2019-09-13', 'Approved'),
(93, 93, '2022-04-01', 'Pending'),
(94, 94, '2023-05-21', 'Approved'),
(95, 95, '2024-02-23', 'Pending'),
(96, 96, '2023-09-24', 'Pending'),
(97, 97, '2020-11-25', 'Approved'),
(98, 98, '2023-10-01', 'Approved'),
(99, 99, '2020-09-13', 'Approved'),
(100, 100, '2022-11-15', 'Approved'),
(101, 101, '2024-01-16', 'Approved'),
(102, 102, '2020-03-31', 'Approved'),
(103, 103, '2019-11-15', 'Pending'),
(104, 104, '2019-05-14', 'Pending'),
(105, 105, '2024-08-30', 'Approved'),
(106, 106, '2023-09-19', 'Pending'),
(107, 107, '2023-06-19', 'Approved'),
(108, 108, '2019-03-16', 'Pending'),
(109, 109, '2021-03-12', 'Pending'),
(110, 110, '2024-02-12', 'Approved'),
(111, 111, '2021-08-09', 'Approved'),
(112, 112, '2019-10-11', 'Approved'),
(113, 113, '2020-06-05', 'Pending'),
(114, 114, '2022-05-11', 'Approved'),
(115, 115, '2020-10-21', 'Approved'),
(116, 116, '2021-07-08', 'Approved'),
(117, 117, '2023-08-30', 'Pending'),
(118, 118, '2023-12-13', 'Pending'),
(119, 119, '2019-10-02', 'Approved'),
(120, 120, '2021-06-28', 'Approved'),
(121, 121, '2021-02-10', 'Denied'),
(122, 122, '2020-08-17', 'Pending'),
(123, 123, '2021-09-16', 'Pending'),
(124, 124, '2022-10-18', 'Pending'),
(125, 125, '2021-01-09', 'Pending'),
(126, 126, '2020-01-24', 'Approved'),
(127, 127, '2023-01-10', 'Approved'),
(128, 128, '2019-02-13', 'Pending'),
(129, 129, '2023-01-02', 'Approved'),
(130, 130, '2024-09-14', 'Pending'),
(131, 131, '2024-06-21', 'Pending'),
(132, 132, '2020-01-26', 'Approved'),
(133, 133, '2021-03-12', 'Pending'),
(134, 134, '2024-08-27', 'Pending'),
(135, 135, '2022-02-18', 'Approved'),
(136, 136, '2024-05-07', 'Pending'),
(137, 137, '2024-02-16', 'Pending'),
(138, 138, '2020-10-24', 'Pending'),
(139, 139, '2020-02-14', 'Approved'),
(140, 140, '2020-05-16', 'Approved'),
(141, 141, '2020-04-13', 'Approved'),
(142, 142, '2024-09-27', 'Approved'),
(143, 143, '2020-02-11', 'Approved'),
(144, 144, '2020-07-16', 'Pending'),
(145, 145, '2022-08-25', 'Approved'),
(146, 146, '2023-03-10', 'Pending'),
(147, 147, '2020-08-26', 'Pending'),
(148, 148, '2022-03-18', 'Approved'),
(149, 149, '2020-03-14', 'Approved'),
(150, 150, '2019-12-22', 'Approved'),
(151, 151, '2022-02-24', 'Approved'),
(152, 152, '2023-06-15', 'Denied'),
(153, 153, '2024-06-03', 'Approved'),
(154, 154, '2023-09-01', 'Pending'),
(155, 155, '2021-05-11', 'Approved'),
(156, 156, '2020-01-04', 'Pending'),
(157, 157, '2020-05-18', 'Pending'),
(158, 158, '2020-05-30', 'Pending'),
(159, 159, '2022-04-21', 'Denied'),
(160, 160, '2020-06-12', 'Pending'),
(161, 161, '2020-07-23', 'Pending'),
(162, 162, '2021-11-05', 'Approved'),
(163, 163, '2020-12-05', 'Pending'),
(164, 164, '2019-12-27', 'Pending'),
(165, 165, '2019-08-07', 'Approved'),
(166, 166, '2021-01-18', 'Pending'),
(167, 167, '2024-04-14', 'Pending'),
(168, 168, '2022-05-13', 'Denied'),
(169, 169, '2024-06-27', 'Approved'),
(170, 170, '2020-02-19', 'Approved'),
(171, 171, '2019-04-20', 'Pending'),
(172, 172, '2019-06-09', 'Approved'),
(173, 173, '2019-04-15', 'Pending'),
(174, 174, '2023-06-07', 'Approved'),
(175, 175, '2021-08-22', 'Approved'),
(176, 176, '2021-08-14', 'Pending'),
(177, 177, '2022-06-04', 'Approved'),
(178, 178, '2022-06-20', 'Denied'),
(179, 179, '2019-06-08', 'Pending'),
(180, 180, '2020-01-15', 'Approved'),
(181, 181, '2022-03-13', 'Approved'),
(182, 182, '2023-03-04', 'Denied'),
(183, 183, '2022-02-22', 'Pending'),
(184, 184, '2020-04-14', 'Pending'),
(185, 185, '2024-06-11', 'Approved'),
(186, 186, '2019-09-15', 'Approved'),
(187, 187, '2024-08-16', 'Pending'),
(188, 188, '2021-12-10', 'Pending'),
(189, 189, '2019-12-14', 'Pending'),
(190, 190, '2021-04-25', 'Approved'),
(191, 191, '2021-01-15', 'Pending'),
(192, 192, '2019-12-13', 'Approved'),
(193, 193, '2024-06-02', 'Approved'),
(194, 194, '2023-05-24', 'Pending'),
(195, 195, '2023-02-26', 'Approved'),
(196, 196, '2019-05-17', 'Approved'),
(197, 197, '2024-12-21', 'Approved'),
(198, 198, '2024-01-29', 'Approved'),
(199, 199, '2020-03-10', 'Denied'),
(200, 200, '2021-08-23', 'Pending'),
(201, 201, '2022-02-08', 'Pending'),
(202, 202, '2019-09-25', 'Pending'),
(203, 203, '2022-03-03', 'Pending'),
(204, 204, '2022-04-04', 'Pending'),
(205, 205, '2020-01-06', 'Denied'),
(206, 206, '2019-09-21', 'Approved'),
(207, 207, '2023-12-27', 'Pending'),
(208, 208, '2021-10-31', 'Approved'),
(209, 209, '2019-12-08', 'Approved'),
(210, 210, '2021-07-06', 'Pending'),
(211, 211, '2019-12-28', 'Approved'),
(212, 212, '2024-12-24', 'Pending'),
(213, 213, '2022-08-16', 'Approved'),
(214, 214, '2022-06-06', 'Pending'),
(215, 215, '2021-09-13', 'Pending'),
(216, 216, '2020-10-31', 'Pending'),
(217, 217, '2023-01-21', 'Pending'),
(218, 218, '2020-06-19', 'Pending'),
(219, 219, '2020-07-05', 'Approved'),
(220, 220, '2019-07-29', 'Pending'),
(221, 221, '2021-12-17', 'Approved'),
(222, 222, '2023-09-14', 'Pending'),
(223, 223, '2024-05-27', 'Pending'),
(224, 224, '2021-11-24', 'Approved'),
(225, 225, '2022-11-06', 'Approved'),
(226, 226, '2023-12-13', 'Approved'),
(227, 227, '2022-10-25', 'Approved'),
(228, 228, '2019-08-13', 'Denied'),
(229, 229, '2019-09-17', 'Approved'),
(230, 230, '2022-02-07', 'Pending'),
(231, 231, '2019-06-19', 'Approved'),
(232, 232, '2020-07-09', 'Approved'),
(233, 233, '2021-09-11', 'Pending'),
(234, 234, '2021-06-22', 'Approved'),
(235, 235, '2020-06-02', 'Approved'),
(236, 236, '2024-04-02', 'Pending'),
(237, 237, '2024-07-01', 'Approved'),
(238, 238, '2021-05-06', 'Pending'),
(239, 239, '2022-04-27', 'Pending'),
(240, 240, '2024-05-26', 'Approved'),
(241, 241, '2022-12-19', 'Approved'),
(242, 242, '2019-12-23', 'Approved'),
(243, 243, '2023-04-03', 'Pending'),
(244, 244, '2022-10-17', 'Pending'),
(245, 245, '2021-05-21', 'Pending'),
(246, 246, '2021-07-01', 'Approved'),
(247, 247, '2021-05-18', 'Approved'),
(248, 248, '2021-05-09', 'Approved'),
(249, 249, '2021-03-31', 'Approved'),
(250, 250, '2021-06-23', 'Approved');

INSERT INTO CONTRACT (contract_id, contract_max_hours, billing_rate) VALUES
(151, '344', '60'),
(152, '442', '70'),
(153, '179', '75'),
(154, '879', '42'),
(155, '894', '60'),
(156, '433', '37'),
(157, '962', '43'),
(158, '836', '25'),
(159, '801', '84'),
(160, '891', '94'),
(161, '875', '80'),
(162, '698', '64'),
(163, '867', '73'),
(164, '341', '78'),
(165, '476', '95'),
(166, '355', '71'),
(167, '443', '69'),
(168, '268', '69'),
(169, '262', '47'),
(170, '561', '26'),
(171, '949', '38'),
(172, '770', '40'),
(173, '651', '54'),
(174, '14', '47'),
(175, '236', '88'),
(176, '355', '99'),
(177, '245', '38'),
(178, '543', '27'),
(179, '104', '32'),
(180, '560', '76'),
(181, '808', '79'),
(182, '9', '43'),
(183, '586', '31'),
(184, '234', '71'),
(185, '574', '65'),
(186, '199', '27'),
(187, '617', '97'),
(188, '355', '87'),
(189, '207', '32'),
(190, '132', '46'),
(191, '573', '40'),
(192, '204', '30'),
(193, '266', '49'),
(194, '685', '63'),
(195, '637', '73'),
(196, '439', '40'),
(197, '366', '28'),
(198, '814', '90'),
(199, '438', '34'),
(200, '570', '62'),
(201, '579', '37'),
(202, '732', '53'),
(203, '644', '28'),
(204, '702', '91'),
(205, '138', '73'),
(206, '288', '72'),
(207, '642', '85'),
(208, '574', '51'),
(209, '107', '34'),
(210, '310', '59'),
(211, '636', '46'),
(212, '827', '66'),
(213, '159', '62'),
(214, '332', '70'),
(215, '655', '37'),
(216, '4', '32'),
(217, '329', '29'),
(218, '458', '70'),
(219, '544', '30'),
(220, '984', '68'),
(221, '227', '43'),
(222, '777', '66'),
(223, '183', '29'),
(224, '917', '68'),
(225, '417', '78'),
(226, '335', '82'),
(227, '582', '69'),
(228, '396', '45'),
(229, '974', '82'),
(230, '262', '30'),
(231, '219', '97'),
(232, '642', '31'),
(233, '898', '85'),
(234, '208', '38'),
(235, '263', '65'),
(236, '901', '61'),
(237, '554', '93'),
(238, '789', '78'),
(239, '981', '49'),
(240, '240', '82'),
(241, '150', '43'),
(242, '775', '96'),
(243, '637', '59'),
(244, '338', '77'),
(245, '160', '31'),
(246, '505', '55'),
(247, '228', '91'),
(248, '691', '25'),
(249, '813', '77'),
(250, '447', '79');

INSERT INTO CLIENT_CONTRACT (client_id, contract_id, contract_type) VALUES
(1, 1, 'fixed'),
(2, 2, 'hourly'),
(3, 3, 'fixed'),
(4, 4, 'fixed'),
(5, 5, 'fixed'),
(6, 6, 'hourly'),
(7, 7, 'hourly'),
(8, 8, 'fixed'),
(9, 9, 'hourly'),
(10, 10, 'hourly'),
(11, 11, 'hourly'),
(12, 12, 'hourly'),
(13, 13, 'hourly'),
(14, 14, 'hourly'),
(15, 15, 'hourly'),
(16, 16, 'fixed'),
(17, 17, 'hourly'),
(18, 18, 'hourly'),
(19, 19, 'hourly'),
(20, 20, 'fixed'),
(21, 21, 'fixed'),
(22, 22, 'hourly'),
(23, 23, 'hourly'),
(24, 24, 'fixed'),
(25, 25, 'hourly'),
(26, 26, 'fixed'),
(27, 27, 'fixed'),
(28, 28, 'fixed'),
(29, 29, 'hourly'),
(30, 30, 'fixed'),
(31, 31, 'hourly'),
(32, 32, 'hourly'),
(33, 33, 'fixed'),
(34, 34, 'hourly'),
(35, 35, 'hourly'),
(36, 36, 'fixed'),
(37, 37, 'hourly'),
(38, 38, 'hourly'),
(39, 39, 'fixed'),
(40, 40, 'hourly'),
(41, 41, 'hourly'),
(42, 42, 'hourly'),
(43, 43, 'fixed'),
(44, 44, 'fixed'),
(45, 45, 'fixed'),
(46, 46, 'hourly'),
(47, 47, 'fixed'),
(48, 48, 'fixed'),
(49, 49, 'fixed'),
(50, 50, 'hourly'),
(51, 51, 'fixed'),
(52, 52, 'fixed'),
(53, 53, 'fixed'),
(54, 54, 'hourly'),
(55, 55, 'hourly'),
(56, 56, 'hourly'),
(57, 57, 'fixed'),
(58, 58, 'fixed'),
(59, 59, 'fixed'),
(60, 60, 'hourly'),
(61, 61, 'hourly'),
(62, 62, 'fixed'),
(63, 63, 'hourly'),
(64, 64, 'hourly'),
(65, 65, 'hourly'),
(66, 66, 'fixed'),
(67, 67, 'fixed'),
(68, 68, 'fixed'),
(69, 69, 'hourly'),
(70, 70, 'hourly'),
(71, 71, 'fixed'),
(72, 72, 'hourly'),
(73, 73, 'fixed'),
(74, 74, 'fixed'),
(75, 75, 'fixed'),
(76, 76, 'fixed'),
(77, 77, 'fixed'),
(78, 78, 'fixed'),
(79, 79, 'fixed'),
(80, 80, 'fixed'),
(81, 81, 'hourly'),
(82, 82, 'hourly'),
(83, 83, 'fixed'),
(84, 84, 'hourly'),
(85, 85, 'fixed'),
(86, 86, 'fixed'),
(87, 87, 'hourly'),
(88, 88, 'fixed'),
(89, 89, 'hourly'),
(90, 90, 'fixed'),
(91, 91, 'hourly'),
(92, 92, 'hourly'),
(93, 93, 'fixed'),
(94, 94, 'fixed'),
(95, 95, 'hourly'),
(96, 96, 'hourly'),
(97, 97, 'hourly'),
(98, 98, 'hourly'),
(99, 99, 'hourly'),
(100, 100, 'fixed'),
(101, 101, 'hourly'),
(102, 102, 'fixed'),
(103, 103, 'fixed'),
(104, 104, 'fixed'),
(105, 105, 'fixed'),
(106, 106, 'fixed'),
(107, 107, 'fixed'),
(108, 108, 'fixed'),
(109, 109, 'fixed'),
(110, 110, 'hourly'),
(111, 111, 'fixed'),
(112, 112, 'hourly'),
(113, 113, 'hourly'),
(114, 114, 'fixed'),
(115, 115, 'hourly'),
(116, 116, 'fixed'),
(117, 117, 'fixed'),
(118, 118, 'hourly'),
(119, 119, 'fixed'),
(120, 120, 'hourly'),
(121, 121, 'hourly'),
(122, 122, 'fixed'),
(123, 123, 'hourly'),
(124, 124, 'fixed'),
(125, 125, 'fixed'),
(126, 126, 'hourly'),
(127, 127, 'fixed'),
(128, 128, 'fixed'),
(129, 129, 'fixed'),
(130, 130, 'hourly'),
(131, 131, 'hourly'),
(132, 132, 'hourly'),
(133, 133, 'fixed'),
(134, 134, 'hourly'),
(135, 135, 'fixed'),
(136, 136, 'fixed'),
(137, 137, 'fixed'),
(138, 138, 'hourly'),
(139, 139, 'fixed'),
(140, 140, 'hourly'),
(141, 141, 'fixed'),
(142, 142, 'fixed'),
(143, 143, 'fixed'),
(144, 144, 'fixed'),
(145, 145, 'fixed'),
(146, 146, 'hourly'),
(147, 147, 'fixed'),
(148, 148, 'fixed'),
(149, 149, 'hourly'),
(150, 150, 'hourly'),
(151, 151, 'fixed'),
(152, 152, 'hourly'),
(153, 153, 'fixed'),
(154, 154, 'hourly'),
(155, 155, 'hourly'),
(156, 156, 'fixed'),
(157, 157, 'fixed'),
(158, 158, 'fixed'),
(159, 159, 'fixed'),
(160, 160, 'hourly'),
(161, 161, 'fixed'),
(162, 162, 'fixed'),
(163, 163, 'fixed'),
(164, 164, 'fixed'),
(165, 165, 'fixed'),
(166, 166, 'hourly'),
(167, 167, 'hourly'),
(168, 168, 'hourly'),
(169, 169, 'hourly'),
(170, 170, 'fixed'),
(171, 171, 'fixed'),
(172, 172, 'fixed'),
(173, 173, 'fixed'),
(174, 174, 'hourly'),
(175, 175, 'fixed'),
(176, 176, 'hourly'),
(177, 177, 'hourly'),
(178, 178, 'hourly'),
(179, 179, 'fixed'),
(180, 180, 'hourly'),
(181, 181, 'fixed'),
(182, 182, 'fixed'),
(183, 183, 'fixed'),
(184, 184, 'hourly'),
(185, 185, 'hourly'),
(186, 186, 'hourly'),
(187, 187, 'hourly'),
(188, 188, 'fixed'),
(189, 189, 'hourly'),
(190, 190, 'hourly'),
(191, 191, 'fixed'),
(192, 192, 'fixed'),
(193, 193, 'hourly'),
(194, 194, 'hourly'),
(195, 195, 'hourly'),
(196, 196, 'fixed'),
(197, 197, 'hourly'),
(198, 198, 'hourly'),
(199, 199, 'hourly'),
(200, 200, 'hourly'),
(201, 201, 'hourly'),
(202, 202, 'fixed'),
(203, 203, 'fixed'),
(204, 204, 'hourly'),
(205, 205, 'fixed'),
(206, 206, 'fixed'),
(207, 207, 'fixed'),
(208, 208, 'hourly'),
(209, 209, 'hourly'),
(210, 210, 'hourly'),
(211, 211, 'fixed'),
(212, 212, 'hourly'),
(213, 213, 'hourly'),
(214, 214, 'fixed'),
(215, 215, 'fixed'),
(216, 216, 'hourly'),
(217, 217, 'fixed'),
(218, 218, 'hourly'),
(219, 219, 'fixed'),
(220, 220, 'fixed'),
(221, 221, 'fixed'),
(222, 222, 'fixed'),
(223, 223, 'hourly'),
(224, 224, 'fixed'),
(225, 225, 'hourly'),
(226, 226, 'hourly'),
(227, 227, 'fixed'),
(228, 228, 'hourly'),
(229, 229, 'hourly'),
(230, 230, 'hourly'),
(231, 231, 'hourly'),
(232, 232, 'fixed'),
(233, 233, 'hourly'),
(234, 234, 'hourly'),
(235, 235, 'fixed'),
(236, 236, 'hourly'),
(237, 237, 'fixed'),
(238, 238, 'fixed'),
(239, 239, 'fixed'),
(240, 240, 'fixed'),
(241, 241, 'fixed'),
(242, 242, 'fixed'),
(243, 243, 'hourly'),
(244, 244, 'fixed'),
(245, 245, 'fixed'),
(246, 246, 'fixed'),
(247, 247, 'fixed'),
(248, 248, 'fixed'),
(249, 249, 'hourly'),
(250, 250, 'fixed');

INSERT INTO PROJECT_TASK (task_id, project_id, task_description) VALUES
(1, 1, 'Complete industry analysis'),
(2, 1, 'Conduct market research'),
(3, 1, 'Prepare industry report'),
(4, 2, 'Coach training session'),
(5, 2, 'Develop training materials'),
(6, 2, 'Evaluate coaching effectiveness'),
(7, 3, 'Develop new product'),
(8, 3, 'Prototype testing'),
(9, 3, 'Market launch planning'),
(10, 4, 'Health assessment'),
(11, 4, 'Design health survey'),
(12, 4, 'Analyze health data'),
(13, 5, 'Fish science research'),
(14, 5, 'Collect fish samples'),
(15, 5, 'Analyze fish population'),
(16, 6, 'Vote on new policy'),
(17, 6, 'Draft policy proposal'),
(18, 6, 'Conduct policy review'),
(19, 7, 'Degree service review'),
(20, 7, 'Survey degree holders'),
(21, 7, 'Analyze survey results'),
(22, 8, 'Run marketing campaign'),
(23, 8, 'Design marketing materials'),
(24, 8, 'Evaluate campaign success'),
(25, 9, 'Total project review'),
(26, 9, 'Compile project reports'),
(27, 9, 'Present review findings'),
(28, 10, 'Institutional audit'),
(29, 10, 'Review institutional policies'),
(30, 10, 'Prepare audit report');

INSERT INTO EMPLOYEE_ROLE (employee_id, role_id, assigned_date, end_date) VALUES
(1, 1, '2022-07-12', '2023-07-12'),
(2, 2, '2024-01-27', '2025-01-27'),
(3, 3, '2024-07-29', '2025-07-29'),
(4, 4, '2022-10-18', '2023-10-18'),
(5, 5, '2024-07-18', '2025-07-18'),
(6, 6, '2021-08-05', '2023-08-05'),
(7, 3, '2024-08-02', '2025-08-02'),
(8, 1, '2022-04-01', '2023-04-01'),
(9, 2, '2021-07-17', '2022-07-17'),
(10, 1, '2023-11-23', '2024-11-23'),
(11, 4, '2023-07-31', '2024-07-31'),
(12, 5, '2020-11-11', '2021-11-11'),
(13, 6, '2022-04-12', '2023-04-12'),
(14, 7, '2024-06-27', '2025-06-27'),
(15, 2, '2024-02-29', '2025-02-28'),
(16, 3, '2024-05-17', '2025-05-17'),
(17, 4, '2024-10-19', '2025-10-19'),
(18, 1, '2022-04-19', '2023-04-19'),
(19, 5, '2020-09-14', '2021-09-14'),
(20, 6, '2023-02-06', '2024-02-06'),
(21, 7, '2024-01-25', '2025-01-25'),
(22, 1, '2022-05-02', '2023-05-02'),
(23, 2, '2024-01-13', '2025-01-13'),
(24, 3, '2021-07-19', '2022-07-19'),
(25, 4, '2024-06-29', '2025-06-29'),
(26, 5, '2023-03-26', '2024-03-26');

INSERT INTO EMPLOYEE_PROJECT_TASK (employee_id, task_id, task_start_date, task_end_date) VALUES
(1, 1, '2022-07-15', '2022-08-15'),
(2, 2, '2024-02-01', '2024-03-01'),
(3, 3, '2024-08-01', '2024-09-01'),
(4, 4, '2022-11-01', '2022-12-01'),
(5, 5, '2024-08-01', '2024-09-01'),
(6, 6, '2021-09-01', '2021-10-01'),
(7, 7, '2024-08-15', '2024-09-15'),
(8, 8, '2022-04-05', '2022-05-05'),
(9, 9, '2021-07-20', '2021-08-20'),
(10, 10, '2023-12-01', '2024-01-01'),
(11, 11, '2023-08-01', '2023-09-01'),
(12, 12, '2020-11-15', '2020-12-15'),
(13, 13, '2022-04-15', '2022-05-15'),
(14, 14, '2024-07-01', '2024-08-01'),
(15, 15, '2024-03-01', '2024-04-01'),
(16, 16, '2024-05-20', '2024-06-20'),
(17, 17, '2024-11-01', '2024-12-01'),
(18, 18, '2022-05-01', '2022-06-01'),
(19, 19, '2020-10-01', '2020-11-01'),
(20, 20, '2023-03-01', '2023-04-01'),
(21, 21, '2024-02-01', '2024-03-01'),
(22, 22, '2022-06-01', '2022-07-01'),
(23, 23, '2024-02-15', '2024-03-15'),
(24, 24, '2021-08-01', '2021-09-01'),
(25, 25, '2024-07-01', '2024-08-01');

COMMIT; 
